Title,URL
"دستمال مرطوب پاک کننده آرایش کمر باریک دافی",https://luxirana.com/product/%d8%af%d8%b3%d8%aa%d9%85%d8%a7%d9%84-%d9%85%d8%b1%d8%b7%d9%88%d8%a8-%d9%be%d8%a7%da%a9-%da%a9%d9%86%d9%86%d8%af%d9%87-%d8%a2%d8%b1%d8%a7%db%8c%d8%b4-%da%a9%d9%85%d8%b1-%d8%a8%d8%a7%d8%b1%db%8c%da%a9/
"کاندوم ناچ کدکس کلاسیک مدل آلوئه ورا بسته 12 عددی",https://luxirana.com/product/%da%a9%d8%a7%d9%86%d8%af%d9%88%d9%85-%d9%86%d8%a7%da%86-%da%a9%d8%af%da%a9%d8%b3-%d9%85%d8%af%d9%84-%d8%a2%d9%84%d9%88%d8%a6%d9%87-%d9%88%d8%b1%d8%a7-%d8%a8%d8%b3%d8%aa%d9%87-12-%d8%b9%d8%af%d8%af/
"کاندوم کدکس مدل Sensitive Pro-Sensation بسته 12 عددی",https://luxirana.com/product/%da%a9%d8%a7%d9%86%d8%af%d9%88%d9%85-%da%a9%d8%af%da%a9%d8%b3-%d9%85%d8%af%d9%84-sensitive-pro-sensation-%d8%a8%d8%b3%d8%aa%d9%87-12-%d8%b9%d8%af%d8%af%db%8c/
"کاندوم کدکس مدل Stand Up Classic بسته 12 عددی",https://luxirana.com/product/%da%a9%d8%a7%d9%86%d8%af%d9%88%d9%85-%da%a9%d8%af%da%a9%d8%b3-%d9%85%d8%af%d9%84-stand-up-classic-%d8%a8%d8%b3%d8%aa%d9%87-12-%d8%b9%d8%af%d8%af%db%8c/
"کاندوم کدکس مدل Red Cactus بسته 12 عددی",https://luxirana.com/product/%da%a9%d8%a7%d9%86%d8%af%d9%88%d9%85-%da%a9%d8%af%da%a9%d8%b3-%d9%85%d8%af%d9%84-red-cactus-%d8%a8%d8%b3%d8%aa%d9%87-12-%d8%b9%d8%af%d8%af%db%8c/
"کاندوم کدکس مدل Double Pomegranate بسته 12 عددی",https://luxirana.com/product/%da%a9%d8%a7%d9%86%d8%af%d9%88%d9%85-%da%a9%d8%af%da%a9%d8%b3-%d9%85%d8%af%d9%84-double-pomegranate-%d8%a8%d8%b3%d8%aa%d9%87-12-%d8%b9%d8%af%d8%af%db%8c/
"کاندوم تاخیری دوبل ناچ مدل Double Delay بسته 12 عددی",https://luxirana.com/?post_type=product&#038;p=46
"کاندوم خاردار ناچ کدکس مدل BIG DOTS بسته 10 عددی",https://luxirana.com/product/%da%a9%d8%a7%d9%86%d8%af%d9%88%d9%85-%d8%ae%d8%a7%d8%b1%d8%af%d8%a7%d8%b1-%d9%86%d8%a7%da%86-%da%a9%d8%af%da%a9%d8%b3-%d9%85%d8%af%d9%84-big-dots-%d8%a8%d8%b3%d8%aa%d9%87-10-%d8%b9%d8%af%d8%af%db%8c/
"کاندوم ناچ کدکس مدل 0.03 بسته 12 عددی",https://luxirana.com/?post_type=product&#038;p=48
"کاندوم تاخیری کدکس مدل Master 3 In 1 بسته 12 عددی",https://luxirana.com/?post_type=product&#038;p=51
"کاندوم تاخیری جینسینگ کدکس مدل Ginseng بسته 12 عددی",https://luxirana.com/?post_type=product&#038;p=52
"کاندوم کدکس مدل Zero Invisible بسته 12 عددی",https://luxirana.com/product/%da%a9%d8%a7%d9%86%d8%af%d9%88%d9%85-%da%a9%d8%af%da%a9%d8%b3-%d9%85%d8%af%d9%84-zero-invisible-%d8%a8%d8%b3%d8%aa%d9%87-12-%d8%b9%d8%af%d8%af%db%8c/
"کاندوم خاردار و حلقوی کدکس مدل Matador بسته 12 عددی",https://luxirana.com/?post_type=product&#038;p=54
"کاندوم ناچ کدکس مدل BIG DOTS بسته 3 عددی",https://luxirana.com/product/%da%a9%d8%a7%d9%86%d8%af%d9%88%d9%85-%d9%86%d8%a7%da%86-%da%a9%d8%af%da%a9%d8%b3-%d9%85%d8%af%d9%84-big-dots-%d8%a8%d8%b3%d8%aa%d9%87-3-%d8%b9%d8%af%d8%af%db%8c/
"کاندوم کدکس مدل Nobel بسته 12 عددی",https://luxirana.com/?post_type=product&#038;p=56
"کاندوم کدکس مدل Coffee بسته 12 عددی",https://luxirana.com/product/%da%a9%d8%a7%d9%86%d8%af%d9%88%d9%85-%da%a9%d8%af%da%a9%d8%b3-%d9%85%d8%af%d9%84-coffee-%d8%a8%d8%b3%d8%aa%d9%87-12-%d8%b9%d8%af%d8%af%db%8c/
"کاندوم تاخیری کدکس مدل Master 3 In 1 بسته 3 عددی",https://luxirana.com/?post_type=product&#038;p=58
"کاندوم کدکس مدل Warm Challenger 5in1 بسته 12 عددی",https://luxirana.com/?post_type=product&#038;p=59
"کاندوم کدکس مدل Black Dark بسته 12 عددی",https://luxirana.com/?post_type=product&#038;p=60
"کاندوم کدکس مدل Prolong Delay بسته 3 عددی",https://luxirana.com/product/%da%a9%d8%a7%d9%86%d8%af%d9%88%d9%85-%da%a9%d8%af%da%a9%d8%b3-%d9%85%d8%af%d9%84-prolong-delay-%d8%a8%d8%b3%d8%aa%d9%87-3-%d8%b9%d8%af%d8%af%db%8c/
"کاندوم کدکس مدل Double Pomegranate بسته 3 عددی",https://luxirana.com/product/%da%a9%d8%a7%d9%86%d8%af%d9%88%d9%85-%da%a9%d8%af%da%a9%d8%b3-%d9%85%d8%af%d9%84-double-pomegranate/
"پد تاخیری مردانه کدکس 9 عدد",https://luxirana.com/?post_type=product&#038;p=63
"اسپری تاخیری دابل دیلی کدکس 65 میلی‌لیتر",https://luxirana.com/product/%d8%a7%d8%b3%d9%be%d8%b1%db%8c-%d8%aa%d8%a7%d8%ae%db%8c%d8%b1%db%8c-%d8%af%d8%a7%d8%a8%d9%84-%d8%af%db%8c%d9%84%db%8c-%da%a9%d8%af%da%a9%d8%b3-65-%d9%85%db%8c%d9%84%db%8c%d9%84%db%8c%d8%aa/
"اسپری تاخیری حساس کدکس 65 میلی‌لیتر",https://luxirana.com/product/%d8%a7%d8%b3%d9%be%d8%b1%db%8c-%d8%aa%d8%a7%d8%ae%db%8c%d8%b1%db%8c-%d8%ad%d8%b3%d8%a7%d8%b3-%da%a9%d8%af%da%a9%d8%b3-65-%d9%85%db%8c%d9%84%db%8c%d9%84%db%8c%d8%aa%d8%b1/
"کاندوم کدکس مدل Coffee بسته 3 عددی",https://luxirana.com/product/%da%a9%d8%a7%d9%86%d8%af%d9%88%d9%85-%da%a9%d8%af%da%a9%d8%b3-%d9%85%d8%af%d9%84-coffee-%d8%a8%d8%b3%d8%aa%d9%87-3-%d8%b9%d8%af%d8%af%db%8c/
"کاندوم کدکس مدل Nobel بسته 3 عددی",https://luxirana.com/?post_type=product&#038;p=67
"کاندوم کدکس مدل Prolong Delay بسته 12 عددی",https://luxirana.com/product/%da%a9%d8%a7%d9%86%d8%af%d9%88%d9%85-%da%a9%d8%af%da%a9%d8%b3-%d9%85%d8%af%d9%84-prolong-delay-%d8%a8%d8%b3%d8%aa%d9%87-12-%d8%b9%d8%af%d8%af%db%8c/
"کاندوم ناچ کدکس مدل 0.03 بسته 3 عددی",https://luxirana.com/product/%da%a9%d8%a7%d9%86%d8%af%d9%88%d9%85-%d9%86%d8%a7%da%86-%da%a9%d8%af%da%a9%d8%b3-%d9%85%d8%af%d9%84-0-03-%d8%a8%d8%b3%d8%aa%d9%87-3-%d8%b9%d8%af%d8%af%db%8c/
"کاندوم کدکس مدل Zero Invisible بسته 3 عددی",https://luxirana.com/product/%da%a9%d8%a7%d9%86%d8%af%d9%88%d9%85-%da%a9%d8%af%da%a9%d8%b3-%d9%85%d8%af%d9%84-zero-invisible-%d8%a8%d8%b3%d8%aa%d9%87-3-%d8%b9%d8%af%d8%af%db%8c/
"کاندوم تاخیری ناچ کدکس مدل Double Delay بسته 10عددی",https://luxirana.com/product/%da%a9%d8%a7%d9%86%d8%af%d9%88%d9%85-%d8%aa%d8%a7%d8%ae%db%8c%d8%b1%db%8c-%d9%86%d8%a7%da%86-%da%a9%d9%88%d8%af%da%a9%d8%b3-%d9%85%d8%af%d9%84-double-delay-%d8%a8%d8%b3%d8%aa%d9%87-10%d8%b9%d8%af/
"کاندوم کدکس مدل Senditive Pro-Sensation بسته 3 عددی",https://luxirana.com/?post_type=product&#038;p=73
"ژل روان کننده و تاخیری خنک کدکس",https://luxirana.com/product/%da%98%d9%84-%d8%b1%d9%88%d8%a7%d9%86%da%a9%d9%86%d9%86%d8%af%d9%87-%d9%88-%d8%aa%d8%a7%d8%ae%db%8c%d8%b1%db%8c-%d8%ae%d9%86%da%a9-%da%a9%d8%af%da%a9%d8%b3-90-%d9%85%db%8c%d9%84/
"کاندوم ناچ کدکس مدل STAND UP بسته 3 عددی",https://luxirana.com/product/%da%a9%d8%a7%d9%86%d8%af%d9%88%d9%85-%d9%86%d8%a7%da%86-%da%a9%d8%af%da%a9%d8%b3-%d9%85%d8%af%d9%84-stand-up-%d8%a8%d8%b3%d8%aa%d9%87-3-%d8%b9%d8%af%d8%af%db%8c/
"ژل آمیزشی روان کننده کدکس با طعم موز (کاملا خوردنی)",https://luxirana.com/product/%da%98%d9%84-%d8%a2%d9%85%db%8c%d8%b2%d8%b4%db%8c-%d8%b1%d9%88%d8%a7%d9%86-%da%a9%d9%86%d9%86%d8%af%d9%87-%da%a9%d8%af%da%a9%d8%b3-%d8%a8%d8%a7-%d8%b7%d8%b9%d9%85-%d9%85%d9%88%d8%b2-%da%a9%d8%a7/
"کاندوم ناچ کدکس مدل Ginseng بسته 3 عددی",https://luxirana.com/?post_type=product&#038;p=77
"ژل آمیزشی روان کننده لوبریکانت کلاسیک کدکس",https://luxirana.com/product/%da%98%d9%84-%d9%84%d9%88%d8%a8%d8%b1%db%8c%da%a9%d8%a7%d9%86%d8%aa-%da%98%d9%84-%d8%a2%d9%85%db%8c%d8%b2%d8%b4%db%8c-%d8%b1%d9%88%d8%a7%d9%86-%da%a9%d9%86%d9%86%d8%af%d9%87-%d9%84%d9%88%d8%a8%d8%b1/
"ژل آمیزشی روان کننده لوبریکانت حساس آلوئه ورا کدکس",https://luxirana.com/product/%da%98%d9%84-%d8%a2%d9%85%db%8c%d8%b2%d8%b4%db%8c-%d8%b1%d9%88%d8%a7%d9%86-%da%a9%d9%86%d9%86%d8%af%d9%87-%d9%84%d9%88%d8%a8%d8%b1%db%8c%da%a9%d8%a7%d9%86%d8%aa-%d8%ad%d8%b3%d8%a7%d8%b3-%d8%a2%d9%84/
"ژل آمیزشی روان کننده کدکس با طعم توت فرنگی (کاملا خوردنی)",https://luxirana.com/product/%da%98%d9%84-%d8%a2%d9%85%db%8c%d8%b2%d8%b4%db%8c-%d8%b1%d9%88%d8%a7%d9%86-%da%a9%d9%86%d9%86%d8%af%d9%87-%da%a9%d8%af%da%a9%d8%b3-%d8%a8%d8%a7-%d8%b7%d8%b9%d9%85-%d8%aa%d9%88%d8%aa-%d9%81%d8%b1%d9%86/
"کاندوم ناچ کدکس مدل WARM challenger بسته 3 عددی",https://luxirana.com/?post_type=product&#038;p=81
"خميردندان سفید کننده روزانه 260میل میسویک",https://luxirana.com/?post_type=product&#038;p=82
"خمیردندان توتال 8 100 میل میسویک",https://luxirana.com/product/%d8%ae%d9%85%db%8c%d8%b1%d8%af%d9%86%d8%af%d8%a7%d9%86-%d8%aa%d9%88%d8%aa%d8%a7%d9%84-8-100-%d9%85%db%8c%d9%84-%d9%85%db%8c%d8%b3%d9%88%db%8c%da%a9/
"خمیر دندان زیرو و ضد حساسیت 100 میل میسویک",https://luxirana.com/product/%d8%ae%d9%85%db%8c%d8%b1-%d8%af%d9%86%d8%af%d8%a7%d9%86-%d8%b2%db%8c%d8%b1%d9%88-%d8%b6%d8%af-%d8%ad%d8%b3%d8%a7%d8%b3%db%8c%d8%aa-%d9%85%db%8c%d8%b3%d9%88%db%8c%da%a9/
"خمیر دندان سفید کننده روزانه 100 میل میسویک",https://luxirana.com/product/%d8%ae%d9%85%db%8c%d8%b1-%d8%af%d9%86%d8%af%d8%a7%d9%86-%d8%b3%d9%81%db%8c%d8%af-%da%a9%d9%86%d9%86%d8%af%d9%87-%d8%b1%d9%88%d8%b2%d8%a7%d9%86%d9%87-100-%d9%85%db%8c%d9%84-%d9%85%db%8c/
"خمیر دندان سفید کننده میسویک مدل Just In 5 Minutes حجم 50 میل",https://luxirana.com/product/%d8%ae%d9%85%db%8c%d8%b1-%d8%af%d9%86%d8%af%d8%a7%d9%86-%d8%b3%d9%81%db%8c%d8%af-%da%a9%d9%86%d9%86%d8%af%d9%87-%d9%85%db%8c%d8%b3%d9%88%db%8c%da%a9-%d9%85%d8%af%d9%84-just-in-5-minutes-%d8%ad%d8%ac/
"خمیر دندان کودک میسویک مدل Sponge Bob حجم 50 میلی لیتر",https://luxirana.com/product/%d8%ae%d9%85%db%8c%d8%b1-%d8%af%d9%86%d8%af%d8%a7%d9%86-%da%a9%d9%88%d8%af%da%a9-%d9%85%db%8c%d8%b3%d9%88%db%8c%da%a9-%d9%85%d8%af%d9%84-bob-sponje-%d8%ad%d8%ac%d9%85-50-%d9%85%db%8c%d9%84%db%8c/
"خمیر دندان کودک میسویک مدل Kitty حجم 50 میلی لیتر",https://luxirana.com/product/%d8%ae%d9%85%db%8c%d8%b1-%d8%af%d9%86%d8%af%d8%a7%d9%86-%da%a9%d9%88%d8%af%da%a9-%d9%85%db%8c%d8%b3%d9%88%db%8c%da%a9-%d9%85%d8%af%d9%84-kitty-%d8%ad%d8%ac%d9%85-50-%d9%85%db%8c%d9%84%db%8c-%d9%84/
"خمیر دندان میسویک مدل Total 8 حجم 75 میلی لیتر",https://luxirana.com/product/%d8%ae%d9%85%db%8c%d8%b1-%d8%af%d9%86%d8%af%d8%a7%d9%86-%d9%85%db%8c%d8%b3%d9%88%db%8c%da%a9-%d9%85%d8%af%d9%84-total-8-%d8%ad%d8%ac%d9%85-75-%d9%85%db%8c%d9%84%db%8c-%d9%84%db%8c%d8%aa%d8%b1/
"خمیر دندان میسویک مدل Daily Whitening حجم 75 میلی لیتر",https://luxirana.com/product/%d8%ae%d9%85%db%8c%d8%b1-%d8%af%d9%86%d8%af%d8%a7%d9%86-%d9%85%db%8c%d8%b3%d9%88%db%8c%da%a9-%d9%85%d8%af%d9%84-daily-whitening-%d8%ad%d8%ac%d9%85-75-%d9%85%db%8c%d9%84%db%8c-%d9%84%db%8c%d8%aa%d8%b1/
"خمیر دندان میسویک مدل Complete حجم 75 میلی لیتر",https://luxirana.com/?post_type=product&#038;p=91
"خمیر دندان میسویک مدل آنتی پلاک حجم 75 میلی لیتر",https://luxirana.com/?post_type=product&#038;p=92
"خمیر دندان میسویک مدل ZERO SENSITIVE حجم 75 میلی لیتر",https://luxirana.com/product/%d8%ae%d9%85%db%8c%d8%b1-%d8%af%d9%86%d8%af%d8%a7%d9%86-%d9%85%db%8c%d8%b3%d9%88%db%8c%da%a9-%d9%85%d8%af%d9%84-zero-sensitive-%d8%ad%d8%ac%d9%85-75-%d9%85%db%8c%d9%84%db%8c-%d9%84%db%8c%d8%aa%d8%b1/
"دهان شویه میسویک مدل Total Care حجم 400 میل لیتر",https://luxirana.com/product/%d8%af%d9%87%d8%a7%d9%86-%d8%b4%d9%88%db%8c%d9%87-%d9%85%db%8c%d8%b3%d9%88%db%8c%da%a9-%d9%85%d8%af%d9%84-total-care-%d8%ad%d8%ac%d9%85-400-%d9%85%db%8c%d9%84-%d9%84%db%8c%d8%aa%d8%b1/
"دهان شویه میسویک مدل Sensitive حجم 400 میلی لیتر",https://luxirana.com/product/%d8%af%d9%87%d8%a7%d9%86-%d8%b4%d9%88%db%8c%d9%87-%d9%85%db%8c%d8%b3%d9%88%db%8c%da%a9-%d9%85%d8%af%d9%84-sensitive-%d8%ad%d8%ac%d9%85-400-%d9%85%db%8c%d9%84%db%8c-%d9%84%db%8c%d8%aa%d8%b1/
"دهان شویه میسویک Dental Plaque حجم 400 میل لیتر",https://luxirana.com/product/%d8%af%d9%87%d8%a7%d9%86-%d8%b4%d9%88%db%8c%d9%87-%d9%85%db%8c%d8%b3%d9%88%db%8c%da%a9-%d9%85%d8%af%d9%84-anti-plaque-%d8%ad%d8%ac%d9%85-400-%d9%85%db%8c%d9%84-%d9%84%db%8c%d8%aa%d8%b1/
"دهان شویه میسویک مدل Total Care حجم 200 میل لیتر",https://luxirana.com/product/%d8%af%d9%87%d8%a7%d9%86-%d8%b4%d9%88%db%8c%d9%87-%d9%85%db%8c%d8%b3%d9%88%db%8c%da%a9-%d9%85%d8%af%d9%84-total-care-%d8%ad%d8%ac%d9%85-200-%d9%85%db%8c%d9%84-%d9%84%db%8c%d8%aa%d8%b1/
"دهان شویه میسویک مدل Sensitive حجم 200 میلی لیتر",https://luxirana.com/product/%d8%af%d9%87%d8%a7%d9%86-%d8%b4%d9%88%db%8c%d9%87-%d9%85%db%8c%d8%b3%d9%88%db%8c%da%a9-%d9%85%d8%af%d9%84-sensitive-%d8%ad%d8%ac%d9%85-200-%d9%85%db%8c%d9%84%db%8c-%d9%84%db%8c%d8%aa%d8%b1/
"دهان شویه میسویک مدل Dental Plaque حجم 200 میل لیتر",https://luxirana.com/product/%d8%af%d9%87%d8%a7%d9%86-%d8%b4%d9%88%db%8c%d9%87-%d9%85%db%8c%d8%b3%d9%88%db%8c%da%a9-%d9%85%d8%af%d9%84-anti-plaque-%d8%ad%d8%ac%d9%85-200-%d9%85%db%8c%d9%84-%d9%84%db%8c%d8%aa%d8%b1/
"دهان شویه کودک دخترانه میسویک مدل سگ نگهبان",https://luxirana.com/product/%d8%af%d9%87%d8%a7%d9%86-%d8%b4%d9%88%db%8c%d9%87-%da%a9%d9%88%d8%af%da%a9-%d8%af%d8%ae%d8%aa%d8%b1%d8%a7%d9%86%d9%87-%d9%85%db%8c%d8%b3%d9%88%db%8c%da%a9-%d9%85%d8%af%d9%84-%d8%b3%da%af-%d9%86%da%af/
"دهان شویه کودک پسرانه میسویک مدل سگ نگهبان",https://luxirana.com/product/%d8%af%d9%87%d8%a7%d9%86-%d8%b4%d9%88%db%8c%d9%87-%da%a9%d9%88%d8%af%da%a9-%d9%be%d8%b3%d8%b1%d8%a7%d9%86%d9%87-%d9%85%db%8c%d8%b3%d9%88%db%8c%da%a9-%d9%85%d8%af%d9%84-%d8%b3%da%af-%d9%86%da%af%d9%87/
"نخ دندان میسویک مدل TOTAL CARE 8",https://luxirana.com/product/%d9%86%d8%ae-%d8%af%d9%86%d8%af%d8%a7%d9%86-%d9%85%db%8c%d8%b3%d9%88%db%8c%da%a9-%d9%85%d8%af%d9%84-total-care-8/
"نخ دندان میسویک مدل ضد حساسیت Pro Sense",https://luxirana.com/product/%d9%86%d8%ae-%d8%af%d9%86%d8%af%d8%a7%d9%86-%d9%85%db%8c%d8%b3%d9%88%db%8c%da%a9-%d9%85%d8%af%d9%84-%d8%b6%d8%af-%d8%ad%d8%b3%d8%a7%d8%b3%db%8c%d8%aa-pro-sense/
"نخ دندان میسویک مدل سفیدکننده Whitening",https://luxirana.com/product/%d9%86%d8%ae-%d8%af%d9%86%d8%af%d8%a7%d9%86-%d9%85%db%8c%d8%b3%d9%88%db%8c%da%a9-%d9%85%d8%af%d9%84-%d8%b3%d9%81%db%8c%d8%af%da%a9%d9%86%d9%86%d8%af%d9%87-whitening/
"دستمال مرطوب کمر باریک دافی مدل پاک کننده دست و صورت کودک &#8211; بسته 70 عددی",https://luxirana.com/?post_type=product&#038;p=105
"دستمال مرطوب پاک کننده لوازم منزل 20 برگی دافی",https://luxirana.com/?post_type=product&#038;p=106
"دستمال مرطوب پاک کننده و نرم کننده بسته‌ای دافی &#8211; بسته 20 عددی",https://luxirana.com/product/%d8%af%d8%b3%d8%aa%d9%85%d8%a7%d9%84-%d9%85%d8%b1%d8%b7%d9%88%d8%a8-%d9%be%d8%a7%da%a9-%da%a9%d9%86%d9%86%d8%af%d9%87-%d9%88-%d9%86%d8%b1%d9%85-%da%a9%d9%86%d9%86%d8%af%d9%87-%d8%a8%d8%b3%d8%aa%d9%87/
"دستمال مرطوب بهداشتی دافی مدل لیدیز &#8211; بسته 20 عددی",https://luxirana.com/product/%d8%af%d8%b3%d8%aa%d9%85%d8%a7%d9%84-%d9%85%d8%b1%d8%b7%d9%88%d8%a8-%d8%a8%d9%87%d8%af%d8%a7%d8%b4%d8%aa%db%8c-%d8%af%d8%a7%d9%81%db%8c-%d9%85%d8%af%d9%84-%d9%84%db%8c%d8%af%db%8c%d8%b2-%d8%a8%d8%b3/
"دستمال مرطوب پاک کننده آرایش دافی مدل اکسترا &#8211; بسته 27 عددی",https://luxirana.com/product/%d8%af%d8%b3%d8%aa%d9%85%d8%a7%d9%84-%d9%85%d8%b1%d8%b7%d9%88%d8%a8-%d9%be%d8%a7%da%a9-%da%a9%d9%86%d9%86%d8%af%d9%87-%d8%a2%d8%b1%d8%a7%db%8c%d8%b4-%d8%af%d8%a7%d9%81%db%8c-%d9%85%d8%af%d9%84-%d8%a7/
"دستمال مرطوب پاک کننده کودک دافی مدل حساس- بسته 70 عددی",https://luxirana.com/product/%d8%af%d8%b3%d8%aa%d9%85%d8%a7%d9%84-%d9%85%d8%b1%d8%b7%d9%88%d8%a8-%d9%be%d8%a7%da%a9-%da%a9%d9%86%d9%86%d8%af%d9%87-%da%a9%d9%88%d8%af%da%a9-%d8%af%d8%a7%d9%81%db%8c-%d9%85%d8%af%d9%84-%d8%ad%d8%b3/
"دستمال مرطوب کودک دافی مدل Vita Milk بسته 20 عددی",https://luxirana.com/product/%d8%af%d8%b3%d8%aa%d9%85%d8%a7%d9%84-%d9%85%d8%b1%d8%b7%d9%88%d8%a8-%da%a9%d9%88%d8%af%da%a9-%d8%af%d8%a7%d9%81%db%8c-%d9%85%d8%af%d9%84-vita-milk-%d8%a8%d8%b3%d8%aa%d9%87-20-%d8%b9%d8%af%d8%af%db%8c/
"دستمال مرطوب پاک کننده دست و صورت آنتی باکتریال دافی بسته 12 عددی",https://luxirana.com/product/%d8%af%d8%b3%d8%aa%d9%85%d8%a7%d9%84-%d9%85%d8%b1%d8%b7%d9%88%d8%a8-%d9%be%d8%a7%da%a9-%da%a9%d9%86%d9%86%d8%af%d9%87-%d8%af%d8%b3%d8%aa-%d9%88-%d8%b5%d9%88%d8%b1%d8%aa-%d8%a2%d9%86%d8%aa%db%8c-%d8%a8/
"دستمال مرطوب دافی مدل Adult Wipes بسته 100 عددی",https://luxirana.com/product/%d8%af%d8%b3%d8%aa%d9%85%d8%a7%d9%84-%d9%85%d8%b1%d8%b7%d9%88%d8%a8-%d8%af%d8%a7%d9%81%db%8c-%d9%85%d8%af%d9%84-adult-wipes-%d8%a8%d8%b3%d8%aa%d9%87-100-%d8%b9%d8%af%d8%af%db%8c/
"دستمال مرطوب پاک کننده آرایش دافی مدل Q10 طرح میوه انجیر بسته 50 عددی",https://luxirana.com/product/%d8%af%d8%b3%d8%aa%d9%85%d8%a7%d9%84-%d9%85%d8%b1%d8%b7%d9%88%d8%a8-%d9%be%d8%a7%da%a9-%da%a9%d9%86%d9%86%d8%af%d9%87-%d8%a2%d8%b1%d8%a7%db%8c%d8%b4-%d8%af%d8%a7%d9%81%db%8c-%d9%85%d8%af%d9%84-q10/
"دستمال مرطوب پاک کننده آرایش دافی مدل Q10 طرح گل 3 50 عددی",https://luxirana.com/product/%d8%af%d8%b3%d8%aa%d9%85%d8%a7%d9%84-%d9%85%d8%b1%d8%b7%d9%88%d8%a8-%d9%be%d8%a7%da%a9-%da%a9%d9%86%d9%86%d8%af%d9%87-%d8%a2%d8%b1%d8%a7%db%8c%d8%b4-%d8%af%d8%a7%d9%81%db%8c-%d9%85%d8%af%d9%84-q10-2/
"دستمال مرطوب پاک کننده کودک دافی مدل اکسترا بسته زرد 100 عددی",https://luxirana.com/product/%d8%af%d8%b3%d8%aa%d9%85%d8%a7%d9%84-%d9%85%d8%b1%d8%b7%d9%88%d8%a8-%d9%be%d8%a7%da%a9-%da%a9%d9%86%d9%86%d8%af%d9%87-%da%a9%d9%88%d8%af%da%a9-%d8%af%d8%a7%d9%81%db%8c-%d9%85%d8%af%d9%84-%d8%a7%da%a9/
"دستمال مرطوب پاک کننده چشم دافی بسته 45 عددی",https://luxirana.com/product/%d8%af%d8%b3%d8%aa%d9%85%d8%a7%d9%84-%d9%85%d8%b1%d8%b7%d9%88%d8%a8-%d9%be%d8%a7%da%a9-%da%a9%d9%86%d9%86%d8%af%d9%87-%da%86%d8%b4%d9%85-%d8%af%d8%a7%d9%81%db%8c-%d8%a8%d8%b3%d8%aa%d9%87-45-%d8%b9/
"دستمال مرطوب پاک کننده چند منظوره سطوح دافی بسته 50 عددی",https://luxirana.com/?post_type=product&#038;p=120
"دستمال مرطوب پاک کننده آرایش درب دار دافی مدل میسلار بسته 55 عددی",https://luxirana.com/product/%d8%af%d8%b3%d8%aa%d9%85%d8%a7%d9%84-%d9%85%d8%b1%d8%b7%d9%88%d8%a8-%d9%be%d8%a7%da%a9-%da%a9%d9%86%d9%86%d8%af%d9%87-%d8%a2%d8%b1%d8%a7%db%8c%d8%b4-%d8%af%d8%b1%d8%a8-%d8%af%d8%a7%d8%b1-%d8%af%d8%a7/
"دستمال مرطوب پاک کننده آرایش درب دار دافی مدل شکوفه گیلاس ژاپنی بسته 55 عددی",https://luxirana.com/product/%d8%af%d8%b3%d8%aa%d9%85%d8%a7%d9%84-%d9%85%d8%b1%d8%b7%d9%88%d8%a8-%d9%be%d8%a7%da%a9-%da%a9%d9%86%d9%86%d8%af%d9%87-%d8%a2%d8%b1%d8%a7%db%8c%d8%b4-%d8%af%d8%b1%d8%a8-%d8%af%d8%a7%d8%b1-%d8%af-2/
"دستمال مرطوب پاک کننده آرایش آنتی اکسیدان درب دار دافی بسته 55 عددی",https://luxirana.com/product/%d8%af%d8%b3%d8%aa%d9%85%d8%a7%d9%84-%d9%85%d8%b1%d8%b7%d9%88%d8%a8-%d9%be%d8%a7%da%a9-%da%a9%d9%86%d9%86%d8%af%d9%87-%d8%a2%d8%b1%d8%a7%db%8c%d8%b4-%d8%a2%d9%86%d8%aa%db%8c-%d8%a7%da%a9%d8%b3%db%8c/
"دستمال مرطوب درب دار دافی مدل HYDRA WATER بسته 55 عددی",https://luxirana.com/product/%d8%af%d8%b3%d8%aa%d9%85%d8%a7%d9%84-%d9%85%d8%b1%d8%b7%d9%88%d8%a8-%d8%af%d8%b1%d8%a8-%d8%af%d8%a7%d8%b1-%d8%af%d8%a7%d9%81%db%8c-%d9%85%d8%af%d9%84-hydra-water-%d8%a8%d8%b3%d8%aa%d9%87-55/
"ماسک تغذیه کننده مو دافی مناسب موهای خشک و آسیب دیده حجم 300 میل",https://luxirana.com/?post_type=product&#038;p=125
"ماسک مو دافی مناسب موهای رنگ شده و بلوند حجم 300 میل",https://luxirana.com/?post_type=product&#038;p=126
"شامپو مخصوص موهای بلوند و رنگ شده دافی حجم 552 میل",https://luxirana.com/?post_type=product&#038;p=127
"شامپو مخصوص موهای معمولی و خشک دافی 552 میل",https://luxirana.com/?post_type=product&#038;p=128
"شامپو حجم دهنده موهای چرب و نازک دافی 552 میل",https://luxirana.com/?post_type=product&#038;p=129
"میسلار واتر دافی مناسب پوست های خشک تا نرمال حجم 200 میل",https://luxirana.com/product/%d9%85%db%8c%d8%b3%d9%84%d8%a7%d8%b1-%d9%88%d8%a7%d8%aa%d8%b1-%d8%af%d8%a7%d9%81%db%8c-%d9%85%d9%86%d8%a7%d8%b3%d8%a8-%d9%be%d9%88%d8%b3%d8%aa-%d9%87%d8%a7%db%8c-%d8%ae%d8%b4%da%a9-%d8%aa%d8%a7-%d9%86/
"میسلار واتر دافی مناسب پوست های چرب و آکنه دار حجم 200 میل",https://luxirana.com/product/%d9%85%db%8c%d8%b3%d9%84%d8%a7%d8%b1-%d9%88%d8%a7%d8%aa%d8%b1-%d8%af%d8%a7%d9%81%db%8c-%d9%85%d9%86%d8%a7%d8%b3%d8%a8-%d9%be%d9%88%d8%b3%d8%aa-%d9%87%d8%a7%db%8c-%da%86%d8%b1%d8%a8-%d9%88-%d8%a2%da%a9/
"دستمال مرطوب پاک کننده آرایش دافی مدل Q10 طرح گل 1 50 عددی",https://luxirana.com/product/%d8%af%d8%b3%d8%aa%d9%85%d8%a7%d9%84-%d9%85%d8%b1%d8%b7%d9%88%d8%a8-%d9%be%d8%a7%da%a9-%da%a9%d9%86%d9%86%d8%af%d9%87-%d8%a2%d8%b1%d8%a7%db%8c%d8%b4-%d8%af%d8%a7%d9%81%db%8c-%d9%85%d8%af%d9%84-q10-3/
"دستمال مرطوب پاک کننده آرایش دافی مدل Q10 طرح گل 2 50 عددی",https://luxirana.com/product/%d8%af%d8%b3%d8%aa%d9%85%d8%a7%d9%84-%d9%85%d8%b1%d8%b7%d9%88%d8%a8-%d9%be%d8%a7%da%a9-%da%a9%d9%86%d9%86%d8%af%d9%87-%d8%a2%d8%b1%d8%a7%db%8c%d8%b4-%d8%af%d8%a7%d9%81%db%8c-%d9%85%d8%af%d9%84-q10-4/
"دستمال مرطوب آرایش پاک کن 27 برگ ضد پف نینو",https://luxirana.com/product/%d8%af%d8%b3%d8%aa%d9%85%d8%a7%d9%84-%d9%85%d8%b1%d8%b7%d9%88%d8%a8-%d8%a2%d8%b1%d8%a7%db%8c%d8%b4-%d9%be%d8%a7%da%a9-%da%a9%d9%86-27-%d8%a8%d8%b1%da%af-%d8%b6%d8%af-%d9%be%d9%81-%d9%86%db%8c%d9%86/
"دستمال مرطوب آرايش پاک کن مخصوص پوست نرمال درب دار دکتر از",https://luxirana.com/?post_type=product&#038;p=294
"کرم پمپي زيتون آمبرلا",https://luxirana.com/?post_type=product&#038;p=306
"دستمال مرطوب تخصصي دور چشم 10 عددي کامان",https://luxirana.com/product/%d8%af%d8%b3%d8%aa%d9%85%d8%a7%d9%84-%d9%85%d8%b1%d8%b7%d9%88%d8%a8-%d8%aa%d8%ae%d8%b5%d8%b5%d9%8a-%d8%af%d9%88%d8%b1-%da%86%d8%b4%d9%85-10-%d8%b9%d8%af%d8%af%d9%8a-%da%a9%d8%a7%d9%85%d8%a7%d9%86/
"کرم پمپي ب کمپلکس پوست های چرب آرگان 400 میل کامان",https://luxirana.com/product/%da%a9%d8%b1%d9%85-%d9%be%d9%85%d9%be%d9%8a-%d8%a8-%da%a9%d9%85%d9%be%d9%84%da%a9%d8%b3-%d9%be%d9%88%d8%b3%d8%aa-%d9%87%d8%a7%d9%8a-%da%86%d8%b1%d8%a8-%d8%a2%d8%b1%da%af%d8%a7%d9%86-%da%a9%d8%a7%d9%85/
"دستمال مرطوب کارتونی کودک کمر باريک نینو",https://luxirana.com/product/%d8%af%d8%b3%d8%aa%d9%85%d8%a7%d9%84-%d9%85%d8%b1%d8%b7%d9%88%d8%a8-%da%a9%d8%a7%d8%b1%d8%aa%d9%88%d9%86%db%8c-%da%a9%d9%88%d8%af%da%a9-%da%a9%d9%85%d8%b1-%d8%a8%d8%a7%d8%b1%d9%8a%da%a9-%d9%86%d9%8a/
"دستمال مرطوب کودک مینیون 70 برگ نینو",https://luxirana.com/product/%d8%af%d8%b3%d8%aa%d9%85%d8%a7%d9%84-%d9%85%d8%b1%d8%b7%d9%88%d8%a8-%da%a9%d9%88%d8%af%da%a9-%d9%85%d9%8a%d9%86%d9%8a%d9%88%d9%86-70-%d8%a8%d8%b1%da%af-%d9%86%d9%8a%d9%86%d9%88/
"دستمال مرطوب نرم کننده کودک 20 عددی نینو",https://luxirana.com/product/%d8%af%d8%b3%d8%aa%d9%85%d8%a7%d9%84-%d9%85%d8%b1%d8%b7%d9%88%d8%a8-%d9%86%d8%b1%d9%85-%da%a9%d9%86%d9%86%d8%af%d9%87-%da%a9%d9%88%d8%af%da%a9-20-%d8%b9%d8%af%d8%af%db%8c-%d9%86%db%8c%d9%86%d9%88/
"دستمال مرطوب پاک کننده دست و صورت 10 عددی نینو",https://luxirana.com/product/%d8%af%d8%b3%d8%aa%d9%85%d8%a7%d9%84-%d9%85%d8%b1%d8%b7%d9%88%d8%a8-%d9%be%d8%a7%da%a9-%da%a9%d9%86%d9%86%d8%af%d9%87-%d8%af%d8%b3%d8%aa-%d9%88-%d8%b5%d9%88%d8%b1%d8%aa-10-%d8%b9%d8%af%d8%af%db%8c/
"دستمال مرطوب آرايش کمر باريک 48 عددی نینو",https://luxirana.com/product/%d8%af%d8%b3%d8%aa%d9%85%d8%a7%d9%84-%d9%85%d8%b1%d8%b7%d9%88%d8%a8-%d8%a2%d8%b1%d8%a7%d9%8a%d8%b4-%da%a9%d9%85%d8%b1-%d8%a8%d8%a7%d8%b1%d9%8a%da%a9-48-%d8%b9%d8%af%d8%af%db%8c-%d9%86%db%8c%d9%86/
"دستمال مرطوب کودک کالاندولا کمر باريک نینو",https://luxirana.com/?post_type=product&#038;p=663
"دستمال مرطوب کودک مینیون کمر باريک نینو",https://luxirana.com/product/%d8%af%d8%b3%d8%aa%d9%85%d8%a7%d9%84-%d9%85%d8%b1%d8%b7%d9%88%d8%a8-%da%a9%d9%88%d8%af%da%a9-%d9%85%d9%8a%d9%86%d9%8a%d9%88%d9%86-%da%a9%d9%85%d8%b1-%d8%a8%d8%a7%d8%b1%d9%8a%da%a9-%d9%86%d9%8a%d9%86/
"دستمال مرطوب دست و صورت تمام سنین میوه ای درب دار نینو",https://luxirana.com/?post_type=product&#038;p=665
"دستمال مرطوب کودک حاوی کالاندولا 50 برگي صورتی مینیون درب دار نینو",https://luxirana.com/product/%d8%af%d8%b3%d8%aa%d9%85%d8%a7%d9%84-%d9%85%d8%b1%d8%b7%d9%88%d8%a8-%da%a9%d9%88%d8%af%da%a9-%d8%ad%d8%a7%d9%88%db%8c-%da%a9%d8%a7%d9%84%d8%a7%d9%86%d8%af%d9%88%d9%84%d8%a7-50-%d8%a8%d8%b1%da%af%db%8c/
"دستمال مرطوب کودک حاوی کالاندولا 70 برگي ميوه ای درب دار نینو",https://luxirana.com/product/%d8%af%d8%b3%d8%aa%d9%85%d8%a7%d9%84-%d9%85%d8%b1%d8%b7%d9%88%d8%a8-%da%a9%d9%88%d8%af%da%a9-%d8%ad%d8%a7%d9%88%db%8c-%da%a9%d8%a7%d9%84%d8%a7%d9%86%d8%af%d9%88%d9%84%d8%a7-70-%d8%a8%d8%b1%da%af%d9%8a/
"دستمال مرطوب دست و صورت طرح کودک نینو",https://luxirana.com/product/%d8%af%d8%b3%d8%aa%d9%85%d8%a7%d9%84-%d9%85%d8%b1%d8%b7%d9%88%d8%a8-%d8%af%d8%b3%d8%aa-%d9%88-%d8%b5%d9%88%d8%b1%d8%aa-%d8%b7%d8%b1%d8%ad-%da%a9%d9%88%d8%af%da%a9-%d9%86%db%8c%d9%86%d9%88/
"دستمال مرطوب دست و صورت بزرگسالان درب دار نینو",https://luxirana.com/product/%d8%af%d8%b3%d8%aa%d9%85%d8%a7%d9%84-%d9%85%d8%b1%d8%b7%d9%88%d8%a8-%d8%af%d8%b3%d8%aa-%d9%88-%d8%b5%d9%88%d8%b1%d8%aa-%d8%a8%d8%b2%d8%b1%da%af%d8%b3%d8%a7%d9%84%d8%a7%d9%86-%d8%af%d8%b1%d8%a8-%d8%af/
"دستمال مرطوب پاک کننده دست و صورت انيميشن نینو",https://luxirana.com/product/%d8%af%d8%b3%d8%aa%d9%85%d8%a7%d9%84-%d9%85%d8%b1%d8%b7%d9%88%d8%a8-%d9%be%d8%a7%da%a9-%da%a9%d9%86%d9%86%d8%af%d9%87-%d8%af%d8%b3%d8%aa-%d9%88-%d8%b5%d9%88%d8%b1%d8%aa-%d8%a7%d9%86%d9%8a%d9%85%d9%8a/
"دستمال مرطوب لاک پاک کن قوطي نینو",https://luxirana.com/product/%d8%af%d8%b3%d8%aa%d9%85%d8%a7%d9%84-%d9%85%d8%b1%d8%b7%d9%88%d8%a8-%d9%84%d8%a7%da%a9-%d9%be%d8%a7%da%a9-%da%a9%d9%86-%d9%82%d9%88%d8%b7%d9%8a-%d9%86%db%8c%d9%86%d9%88/
"دستمال مرطوب آرايش پاک کن دور چشم کمر باريک نینو",https://luxirana.com/product/%d8%af%d8%b3%d8%aa%d9%85%d8%a7%d9%84-%d9%85%d8%b1%d8%b7%d9%88%d8%a8-%d8%a2%d8%b1%d8%a7%d9%8a%d8%b4-%d9%be%d8%a7%da%a9-%da%a9%d9%86-%d8%af%d9%88%d8%b1-%da%86%d8%b4%d9%85-%da%a9%d9%85%d8%b1-%d8%a8%d8%a7/
"دستمال مرطوب آرايش طرح آبرسان 27 برگي نینو",https://luxirana.com/product/%d8%af%d8%b3%d8%aa%d9%85%d8%a7%d9%84-%d9%85%d8%b1%d8%b7%d9%88%d8%a8-%d8%a2%d8%b1%d8%a7%d9%8a%d8%b4-%d8%b7%d8%b1%d8%ad-%d8%a2%d8%a8%d8%b1%d8%b3%d8%a7%d9%86-27-%d8%a8%d8%b1%da%af%d9%8a-%d9%86%db%8c/
"دستمال مرطوب آرايش Green Tea کمر باريک نینو",https://luxirana.com/?post_type=product&#038;p=674
"دستمال مرطوب آرايش پاک کن 27 برگ ضد آکنه نینو",https://luxirana.com/product/%d8%af%d8%b3%d8%aa%d9%85%d8%a7%d9%84-%d9%85%d8%b1%d8%b7%d9%88%d8%a8-%d8%a2%d8%b1%d8%a7%d9%8a%d8%b4-%d9%be%d8%a7%da%a9-%da%a9%d9%86-27-%d8%a8%d8%b1%da%af-%d8%b6%d8%af-%d8%a2%da%a9%d9%86%d9%87-%d9%86/
"دستمال مرطوب آرايش پاک کن 50 برگ درب دار مخصوص پوست خشک و نرمال نینو",https://luxirana.com/product/%d8%af%d8%b3%d8%aa%d9%85%d8%a7%d9%84-%d9%85%d8%b1%d8%b7%d9%88%d8%a8-%d8%a2%d8%b1%d8%a7%d9%8a%d8%b4-%d9%be%d8%a7%da%a9-%da%a9%d9%86-50-%d8%a8%d8%b1%da%af-%d8%af%d8%b1%d8%a8-%d8%af%d8%a7%d8%b1-%d9%85-2/
"دستمال مرطوب آرايش پاک کن 50 برگ درب دار مخصوص پوست چرب نینو",https://luxirana.com/product/%d8%af%d8%b3%d8%aa%d9%85%d8%a7%d9%84-%d9%85%d8%b1%d8%b7%d9%88%d8%a8-%d8%a2%d8%b1%d8%a7%d9%8a%d8%b4-%d9%be%d8%a7%da%a9-%da%a9%d9%86-50-%d8%a8%d8%b1%da%af-%d8%af%d8%b1%d8%a8-%d8%af%d8%a7%d8%b1-%d9%85/
"دستمال مرطوب پاک کننده آرایش دکتر از",https://luxirana.com/?post_type=product&#038;p=679
"دستمال مرطوب کودک 90 برگ دکتر از",https://luxirana.com/?post_type=product&#038;p=680
"دستمال مرطوب کودک 12 برگ دکتر از",https://luxirana.com/product/%d8%af%d8%b3%d8%aa%d9%85%d8%a7%d9%84-%d9%85%d8%b1%d8%b7%d9%88%d8%a8-%da%a9%d9%88%d8%af%da%a9-12-%d8%a8%d8%b1%da%af-%d8%af%da%a9%d8%aa%d8%b1-%d8%a7%d8%b2/
"دستمال مرطوب آرايش کمر باريک دکتر از",https://luxirana.com/?post_type=product&#038;p=682
"دستمال مرطوب کودک کمر باريک دکتر از",https://luxirana.com/product/%d8%af%d8%b3%d8%aa%d9%85%d8%a7%d9%84-%d9%85%d8%b1%d8%b7%d9%88%d8%a8-%da%a9%d9%88%d8%af%da%a9-%da%a9%d9%85%d8%b1-%d8%a8%d8%a7%d8%b1%d9%8a%da%a9-%d8%af%da%a9%d8%aa%d8%b1-%d8%a7%d8%b2/
"دستمال مرطوب دست و صورت جيبی دکتر از",https://luxirana.com/?post_type=product&#038;p=684
"دستمال چند منظوره سطوح قوطی دکتر از",https://luxirana.com/?post_type=product&#038;p=685
"دستمال مرطوب آرايش پاک کن مخصوص پوست خشک درب دار دکتر از",https://luxirana.com/?post_type=product&#038;p=686
"دستمال مرطوب آرایش پاک کن مخصوص پوست چرب درب دار دکتر از",https://luxirana.com/?post_type=product&#038;p=688
"کرم کاسه اي انجير آمبرلا",https://luxirana.com/?post_type=product&#038;p=689
"کرم کاسه اي زيتون آمبرلا",https://luxirana.com/?post_type=product&#038;p=690
"کرم کاسه اي انگور آمبرلا",https://luxirana.com/?post_type=product&#038;p=691
"کرم کاسه اي عسل آمبرلا",https://luxirana.com/?post_type=product&#038;p=692
"کرم کاسه اي انار آمبرلا",https://luxirana.com/?post_type=product&#038;p=693
"کرم پمپي مخصوص پوست هاي خشک آمبرلا",https://luxirana.com/?post_type=product&#038;p=694
"کرم پمپی انگور آمبرلا",https://luxirana.com/?post_type=product&#038;p=696
"کرم پمپی عسل آمبرلا",https://luxirana.com/?post_type=product&#038;p=697
"کرم تیوپی انجیر آمبرلا",https://luxirana.com/?post_type=product&#038;p=698
"کرم تیوپی زیتون آمبرلا",https://luxirana.com/?post_type=product&#038;p=699
"کرم تیوپی عسل آمبرلا",https://luxirana.com/?post_type=product&#038;p=700
"کرم تيوپي انار آمبرلا",https://luxirana.com/?post_type=product&#038;p=701
"کرم کاسه اي مخصوص پوست هاي خشک آمبرلا",https://luxirana.com/?post_type=product&#038;p=702
"ژل شستشوي صورت انبه آمبرلا",https://luxirana.com/?post_type=product&#038;p=703
"ژل شستشوي صورت ليمو آمبرلا",https://luxirana.com/?post_type=product&#038;p=704
"ژل شستشوي صورت هلو آمبرلا",https://luxirana.com/?post_type=product&#038;p=705
"نوار بهداشتي بالدار نازک خيلي خيلي بزرگ آبي سون دي",https://luxirana.com/?post_type=product&#038;p=706
"نوار بهداشتي بالدار خيلي نازک سبز سون دي",https://luxirana.com/?post_type=product&#038;p=707
"نوار بهداشتي بالدار نازک خيلي بزرگ بنفش سون دي",https://luxirana.com/?post_type=product&#038;p=708
"شامپو بدون سولفات هیر واتر مناسب موهای چرب",https://luxirana.com/product/%d8%b4%d8%a7%d9%85%d9%be%d9%88-%d8%a8%d8%af%d9%88%d9%86-%d8%b3%d9%88%d9%84%d9%81%d8%a7%d8%aa-%d9%87%db%8c%d8%b1%d9%88%d8%a7%d8%aa%d8%b1-%da%a9%d8%a7%d9%85%d8%a7%d9%86-%d9%85%d9%86%d8%a7%d8%b3%d8%a8/
"شامپو بدون سولفات هیر واتر ضد ریزش",https://luxirana.com/product/%d8%b4%d8%a7%d9%85%d9%be%d9%88-%d8%b6%d8%af-%d8%b1%d9%8a%d8%b2%d8%b4-%da%a9%d8%a7%d9%85%d8%a7%d9%86/
"شامپو بدون سولفات هیر واتر مخصوص موهای آسیب دیده",https://luxirana.com/product/%d8%b4%d8%a7%d9%85%d9%be%d9%88-%da%a9%d8%b1%d8%a7%d8%aa%db%8c%d9%86%d9%87-%d8%a8%d8%af%d9%88%d9%86-%d8%b3%d9%88%d9%84%d9%81%d8%a7%d8%aa-%da%a9%d8%a7%d9%85%d8%a7%d9%86/
"شامپو بدون سولفات هیر واتر 5 در 1 کامل",https://luxirana.com/product/%d8%b4%d8%a7%d9%85%d9%be%d9%88-%da%a9%d8%a7%d9%85%d9%84-5-%d8%af%d8%b1-1-%d8%a8%d8%af%d9%88%d9%86-%d8%b3%d9%88%d9%84%d9%81%d8%a7%d8%aa-%d9%87%db%8c%d8%b1-%d9%88%d8%a7%d8%aa%d8%b1-%da%a9%d8%a7%d9%85/
"شامپو بدون سولفات هیر واتر مخصوص موهای رنگ شده",https://luxirana.com/product/%d8%b4%d8%a7%d9%85%d9%be%d9%88-%d8%a8%d8%af%d9%88%d9%86-%d8%b3%d9%88%d9%84%d9%81%d8%a7%d8%aa-%d9%87%db%8c%d8%b1-%d9%88%d8%a7%d8%aa%d8%b1-%d9%85%d8%ae%d8%b5%d9%88%d8%b5-%d9%85%d9%88%d9%87%d8%a7%db%8c/
"کرم آبرسان مو هیر واتر حاوی بیوتین و زینک",https://luxirana.com/product/%da%a9%d8%b1%d9%85-%d8%a2%d8%a8%d8%b1%d8%b3%d8%a7%d9%86-%d9%85%d9%88-%d8%ad%d8%a7%d9%88%db%8c-%d8%a8%db%8c%d9%88%d8%aa%db%8c%d9%86-%d9%88-%d8%b2%db%8c%d9%86%da%a9-%d9%87%db%8c%d8%b1-%d9%88%d8%a7%d8%aa/
"کرم آبرسان مو هیر واتر حاوی کلاژن و کراتین",https://luxirana.com/product/%da%a9%d8%b1%d9%85-%d8%a2%d8%a8%d8%b1%d8%b3%d8%a7%d9%86-%d9%85%d9%88-%d9%87%db%8c%d8%b1-%d9%88%d8%a7%d8%aa%d8%b1-%d8%ad%d8%a7%d9%88%db%8c-%da%a9%d9%84%d8%a7%da%98%d9%86-%d9%88-%da%a9%d8%b1%d8%a7%d8%aa/
"ماسک مو هیر واتر حاوی کراتین",https://luxirana.com/product/hair-mask-containing-keratin/
"دستمال مرطوب تخصصی شیر پاک کن کامان",https://luxirana.com/product/%d8%af%d8%b3%d8%aa%d9%85%d8%a7%d9%84-%d9%85%d8%b1%d8%b7%d9%88%d8%a8-%d8%aa%d8%ae%d8%b5%d8%b5%d9%8a-%d8%b4%d9%8a%d8%b1-%d9%be%d8%a7%da%a9-%da%a9%d9%86-%da%a9%d8%a7%d9%85%d8%a7%d9%86/
"دستمال مرطوب لاک پاک کن قوطی کامان",https://luxirana.com/product/%d8%af%d8%b3%d8%aa%d9%85%d8%a7%d9%84-%d9%85%d8%b1%d8%b7%d9%88%d8%a8-%d9%84%d8%a7%da%a9-%d9%be%d8%a7%da%a9-%da%a9%d9%86-%d9%82%d9%88%d8%b7%d9%8a-%da%a9%d8%a7%d9%85%d8%a7%d9%86/
"کرم وازلین بهداشتی پمپی کامان",https://luxirana.com/product/%da%a9%d8%b1%d9%85-%d9%88%d8%a7%d8%b2%d9%84%db%8c%d9%86-%d8%a8%d9%87%d8%af%d8%a7%d8%b4%d8%aa%d9%8a-%d9%be%d9%85%d9%be%d9%8a-%da%a9%d8%a7%d9%85%d8%a7%d9%86/
"کرم کاسه ای مخصوص پوست های خشک آووکادو کامان",https://luxirana.com/product/%da%a9%d8%b1%d9%85-%da%a9%d8%a7%d8%b3%d9%87-%d8%a7%d9%8a-%d9%85%d8%ae%d8%b5%d9%88%d8%b5-%d9%be%d9%88%d8%b3%d8%aa-%d9%87%d8%a7%d9%8a-%d8%ae%d8%b4%da%a9-%d8%a2%d9%88%d9%88%da%a9%d8%a7%d8%af%d9%88-%da%a9/
"کرم کاسه ای نرمال پشن بری کامان",https://luxirana.com/product/%da%a9%d8%b1%d9%85-%da%a9%d8%a7%d8%b3%d9%87-%d8%a7%d9%8a-%d9%86%d8%b1%d9%85%d8%a7%d9%84-%d9%be%d8%b4%d9%86-%d8%a8%d8%b1%d9%8a-%da%a9%d8%a7%d9%85%d8%a7%d9%86/
"کرم کاسه ای مخصوص پوست های چرب آرگان کامان",https://luxirana.com/product/%da%a9%d8%b1%d9%85-%da%a9%d8%a7%d8%b3%d9%87-%d8%a7%d9%8a-%d9%85%d8%ae%d8%b5%d9%88%d8%b5-%d9%be%d9%88%d8%b3%d8%aa-%d9%87%d8%a7%d9%8a-%da%86%d8%b1%d8%a8-%d8%a2%d8%b1%da%af%d8%a7%d9%86-%da%a9%d8%a7%d9%85/
"کرم کاسه ای مخصوص آقایان کامان",https://luxirana.com/product/%da%a9%d8%b1%d9%85-%da%a9%d8%a7%d8%b3%d9%87-%d8%a7%d9%8a-%d9%85%d8%ae%d8%b5%d9%88%d8%b5-%d8%a2%d9%82%d8%a7%d9%8a%d8%a7%d9%86-%da%a9%d8%a7%d9%85%d8%a7%d9%86/
"کرم پمپی ب کمپلکس پوست های خشک آووکادو 400 میل کامان",https://luxirana.com/product/%da%a9%d8%b1%d9%85-%d9%be%d9%85%d9%be%d9%8a-%d8%a8-%da%a9%d9%85%d9%be%d9%84%da%a9%d8%b3-%d9%be%d9%88%d8%b3%d8%aa-%d9%87%d8%a7%d9%8a-%d8%ae%d8%b4%da%a9-%d8%a2%d9%88%d9%88%da%a9%d8%a7%d8%af%d9%88%d9%88/
"کرم پمپی ب کمپلکس نرمال پشن بری 400 میل کامان",https://luxirana.com/product/%da%a9%d8%b1%d9%85-%d9%be%d9%85%d9%be%d9%8a-%d8%a8-%da%a9%d9%85%d9%be%d9%84%da%a9%d8%b3-%d9%86%d8%b1%d9%85%d8%a7%d9%84-%d9%be%d8%b4%d9%86-%d8%a8%d8%b1%d9%8a-%da%a9%d8%a7%d9%85%d8%a7%d9%86/
"کرم پمپی ب کمپلکس مخصوص آقایان 400 میل کامان",https://luxirana.com/?post_type=product&#038;p=729
"کرم تيوپی آووکادو مناسب پوست های خشک کامان",https://luxirana.com/product/%da%a9%d8%b1%d9%85-%d8%aa%d9%8a%d9%88%d9%be%d9%8a-%d8%a2%d9%88%d9%88%da%a9%d8%a7%d8%af%d9%88%d9%88-%d9%85%d9%86%d8%a7%d8%b3%d8%a8-%d9%be%d9%88%d8%b3%d8%aa-%d9%87%d8%a7%d9%8a-%d8%ae%d8%b4%da%a9-%da%a9/
"کرم تیوپی پشن بری مناسب پوست نرمال کامان",https://luxirana.com/product/%da%a9%d8%b1%d9%85-%d8%aa%d9%8a%d9%88%d9%be%d9%8a-%d9%be%d8%b4%d9%86-%d8%a8%d8%b1%d9%8a-%d9%85%d9%86%d8%a7%d8%b3%d8%a8-%d9%be%d9%88%d8%b3%d8%aa-%d9%86%d8%b1%d9%85%d8%a7%d9%84-%da%a9%d8%a7%d9%85%d8%a7/
"کرم تیوپی پوست های چرب آرگان کامان",https://luxirana.com/product/%da%a9%d8%b1%d9%85-%d8%aa%d9%8a%d9%88%d9%be%d9%8a-%d9%be%d9%88%d8%b3%d8%aa-%d9%87%d8%a7%d9%8a-%da%86%d8%b1%d8%a8-%d8%a2%d8%b1%da%af%d8%a7%d9%86-%da%a9%d8%a7%d9%85%d8%a7%d9%86/
"کرم تیوپی مردانه کامان",https://luxirana.com/?post_type=product&#038;p=733
"اسپری دئودورانت زنانه صورتی کامان",https://luxirana.com/?post_type=product&#038;p=734
"اسپری دئودورانت زنانه ضد تعریق و خنک کننده کامان",https://luxirana.com/?post_type=product&#038;p=735
"اسپری دئودورانت مردانه کامان",https://luxirana.com/?post_type=product&#038;p=736
"اسپری دئودورانت مردانه ضد تعريق خنک کننده کامان",https://luxirana.com/?post_type=product&#038;p=737
"کرم آبرسان Men کامان",https://luxirana.com/product/%da%a9%d8%b1%d9%85-%d8%a2%d8%a8%d8%b1%d8%b3%d8%a7%d9%86-men-%da%a9%d8%a7%d9%85%d8%a7%d9%86/
"کرم آبرسان Q10 کامان",https://luxirana.com/product/%da%a9%d8%b1%d9%85-%d8%a2%d8%a8%d8%b1%d8%b3%d8%a7%d9%86-q10-%da%a9%d8%a7%d9%85%d8%a7%d9%86/
"کرم آبرسان Sensitive کامان",https://luxirana.com/product/%da%a9%d8%b1%d9%85-%d8%a2%d8%a8%d8%b1%d8%b3%d8%a7%d9%86-sensitive-%da%a9%d8%a7%d9%85%d8%a7%d9%86-2/
"کرم آبرسان Vitamin C کامان",https://luxirana.com/product/%da%a9%d8%b1%d9%85-%d8%a2%d8%a8%d8%b1%d8%b3%d8%a7%d9%86-vitamin-c-%da%a9%d8%a7%d9%85%d8%a7%d9%86/
"کرم آبرسان Collagen کامان",https://luxirana.com/product/%da%a9%d8%b1%d9%85-%d8%a2%d8%a8%d8%b1%d8%b3%d8%a7%d9%86-collagen-%da%a9%d8%a7%d9%85%d8%a7%d9%86/
"ژل افتر شیو کامان مخصوص پوست حساس",https://luxirana.com/?post_type=product&#038;p=743
"ژل افتر شیو مردانه خنک کننده کامان",https://luxirana.com/?post_type=product&#038;p=744
"ژل افتر شیو مردانه آبرسان کامان",https://luxirana.com/?post_type=product&#038;p=745
"کرم ترک پا کامان",https://luxirana.com/product/%da%a9%d8%b1%d9%85-%d8%aa%d8%b1%da%a9-%d9%be%d8%a7-%da%a9%d8%a7%d9%85%d8%a7%d9%86-2/
"کنسانتره پمپي آلوئه ورا 400 میل کامان",https://luxirana.com/product/%da%a9%d9%86%d8%b3%d8%a7%d9%86%d8%aa%d8%b1%d9%87-%d9%be%d9%85%d9%be%d9%8a-%d8%a2%d9%84%d9%88%d8%a6%d9%87-%d9%88%d8%b1%d8%a7-%da%a9%d8%a7%d9%85%d8%a7%d9%86/
"دئودورانت صورتي زنانه کامان",https://luxirana.com/product/%d8%af%d8%a6%d9%88%d8%af%d9%88%d8%b1%d8%a7%d9%86%d8%aa-%d8%b5%d9%88%d8%b1%d8%aa%d9%8a-%d8%b2%d9%86%d8%a7%d9%86%d9%87-%da%a9%d8%a7%d9%85%d8%a7%d9%86/
"استیک دئودورانت سرمه اي مردانه کامان",https://luxirana.com/product/%d8%a7%d8%b3%d8%aa%db%8c%da%a9-%d8%af%d8%a6%d9%88%d8%af%d9%88%d8%b1%d8%a7%d9%86%d8%aa-%d8%b3%d8%b1%d9%85%d9%87-%d8%a7%d9%8a-%d9%85%d8%b1%d8%af%d8%a7%d9%86%d9%87-%da%a9%d8%a7%d9%85%d8%a7%d9%86/
"استیک سبز دئودورانت زنانه کامان",https://luxirana.com/product/%d8%a7%d8%b3%d8%aa%db%8c%da%a9-%d8%b3%d8%a8%d8%b2-%d8%af%d8%a6%d9%88%d8%af%d9%88%d8%b1%d8%a7%d9%86%d8%aa-%d8%b2%d9%86%d8%a7%d9%86%d9%87-%da%a9%d8%a7%d9%85%d8%a7%d9%86/
"استيک سرمه اي دئودورانت لانگ لستينگ مردانه کامان",https://luxirana.com/product/%d8%a7%d8%b3%d8%aa%d9%8a%da%a9-%d8%b3%d8%b1%d9%85%d9%87-%d8%a7%d9%8a-%d8%af%d8%a6%d9%88%d8%af%d9%88%d8%b1%d8%a7%d9%86%d8%aa-%d9%84%d8%a7%d9%86%da%af-%d9%84%d8%b3%d8%aa%d9%8a%d9%86%da%af-%d9%85%d8%b1/
"ژل شستشوي صورت مخصوص پوست خشک کامان",https://luxirana.com/product/%da%98%d9%84-%d8%b4%d8%b3%d8%aa%d8%b4%d9%88%d9%8a-%d8%b5%d9%88%d8%b1%d8%aa-%d9%85%d8%ae%d8%b5%d9%88%d8%b5-%d9%be%d9%88%d8%b3%d8%aa-%d8%ae%d8%b4%da%a9-%da%a9%d8%a7%d9%85%d8%a7%d9%86/
"ژل شستشوي صورت مخصوص پوست نرمال کامان",https://luxirana.com/product/%da%98%d9%84-%d8%b4%d8%b3%d8%aa%d8%b4%d9%88%d9%8a-%d8%b5%d9%88%d8%b1%d8%aa-%d9%85%d8%ae%d8%b5%d9%88%d8%b5-%d9%be%d9%88%d8%b3%d8%aa-%d9%86%d8%b1%d9%85%d8%a7%d9%84-%da%a9%d8%a7%d9%85%d8%a7%d9%86/
"ژل شستشوي صورت مخصوص پوست چرب کامان",https://luxirana.com/product/%da%98%d9%84-%d8%b4%d8%b3%d8%aa%d8%b4%d9%88%d9%8a-%d8%b5%d9%88%d8%b1%d8%aa-%d9%85%d8%ae%d8%b5%d9%88%d8%b5-%d9%be%d9%88%d8%b3%d8%aa-%da%86%d8%b1%d8%a8-%da%a9%d8%a7%d9%85%d8%a7%d9%86/
"ژل شستشوی صورت مخصوص آقايان کامان",https://luxirana.com/?post_type=product&#038;p=755
"روغن بدن پمپي کامان",https://luxirana.com/product/%d8%b1%d9%88%d8%ba%d9%86-%d8%a8%d8%af%d9%86-%d9%be%d9%85%d9%be%d9%8a-%da%a9%d8%a7%d9%85%d8%a7%d9%86/
"روغن بدن مخصوص برنزه کردن کامان",https://luxirana.com/product/%d8%b1%d9%88%d8%ba%d9%86-%d8%a8%d8%af%d9%86-%d9%85%d8%ae%d8%b5%d9%88%d8%b5-%d8%a8%d8%b1%d9%86%d8%b2%d9%87-%da%a9%d8%b1%d8%af%d9%86-%da%a9%d8%a7%d9%85%d8%a7%d9%86/
"ژل اصلاح ريش مردانه حساس و آبرسان کامان",https://luxirana.com/?post_type=product&#038;p=758
"ژل اصلاح ريش مردانه خنک کننده کامان",https://luxirana.com/?post_type=product&#038;p=759
"ژل اصلاح ريش مردانه آبرسان کامان",https://luxirana.com/?post_type=product&#038;p=760
"ژل اصلاح ريش مردانه حساس کامان",https://luxirana.com/?post_type=product&#038;p=761
"ژل اصلاح ريش مردانه خنک کننده 260 ميل کامان",https://luxirana.com/?post_type=product&#038;p=762
"ژل اصلاح ريش مردانه حساس 260 ميل کامان",https://luxirana.com/?post_type=product&#038;p=763
"ژل اصلاح ريش مردانه توتال 260 ميل کامان",https://luxirana.com/?post_type=product&#038;p=764
"ژل اصلاح ريش مردانه اکسيژن 260 ميل کامان",https://luxirana.com/?post_type=product&#038;p=765
"ژل اصلاح ریش مردانه اسکراپ 260 میل کامان",https://luxirana.com/?post_type=product&#038;p=766
"ژل اصلاح ريش مردانه خنک کننده 200 ميل کامان",https://luxirana.com/?post_type=product&#038;p=767
"ژل اصلاح ريش مردانه حساس 200 ميل کامان",https://luxirana.com/?post_type=product&#038;p=768
"ژل اصلاح ريش مردانه توتال 200 ميل کامان",https://luxirana.com/?post_type=product&#038;p=769
"ژل اصلاح ريش مردانه اکسيژن 200 ميل کامان",https://luxirana.com/?post_type=product&#038;p=770
"ژل اصلاح ريش مردانه اسکراپ 200 ميل کامان",https://luxirana.com/?post_type=product&#038;p=771
"محلول آرايش پاک کن مخصوص پوست هاي خشک و معمولي کامان",https://luxirana.com/product/%d9%85%d8%ad%d9%84%d9%88%d9%84-%d8%a2%d8%b1%d8%a7%d9%8a%d8%b4-%d9%be%d8%a7%da%a9-%da%a9%d9%86-%d9%85%d8%ae%d8%b5%d9%88%d8%b5-%d9%be%d9%88%d8%b3%d8%aa-%d9%87%d8%a7%d9%8a-%d8%ae%d8%b4%da%a9-%d9%88/
"محلول آرايش پاک کن مخصوص پوست هاي چرب کامان",https://luxirana.com/product/%d9%85%d8%ad%d9%84%d9%88%d9%84-%d8%a2%d8%b1%d8%a7%d9%8a%d8%b4-%d9%be%d8%a7%da%a9-%da%a9%d9%86-%d9%85%d8%ae%d8%b5%d9%88%d8%b5-%d9%be%d9%88%d8%b3%d8%aa-%d9%87%d8%a7%d9%8a-%da%86%d8%b1%d8%a8-%da%a9%d8%a7/
"بالم لب نرم و براق کننده توت فرنگی کامان",https://luxirana.com/product/%d8%a8%d8%a7%d9%84%d9%85-%d9%84%d8%a8-%d9%86%d8%b1%d9%85-%d9%88-%d8%a8%d8%b1%d8%a7%d9%82-%da%a9%d9%86%d9%86%d8%af%d9%87-%d8%aa%d9%88%d8%aa-%d9%81%d8%b1%d9%86%da%af%d9%8a-%da%a9%d8%a7%d9%85%d8%a7%d9%86/
"بالم لب نرم و براق کننده آلبالو کامان",https://luxirana.com/product/%d8%a8%d8%a7%d9%84%d9%85-%d9%84%d8%a8-%d9%86%d8%b1%d9%85-%d9%88-%d8%a8%d8%b1%d8%a7%d9%82-%da%a9%d9%86%d9%86%d8%af%d9%87-%d8%a2%d9%84%d8%a8%d8%a7%d9%84%d9%88-%da%a9%d8%a7%d9%85%d8%a7%d9%86/
"بالم لب نرم و براق کننده عسل کامان",https://luxirana.com/?post_type=product&#038;p=776
"بالم لب نرم و براق کننده آلوئه ورا کامان",https://luxirana.com/product/%d8%a8%d8%a7%d9%84%d9%85-%d9%84%d8%a8-%d9%86%d8%b1%d9%85-%d9%88-%d8%a8%d8%b1%d8%a7%d9%82-%da%a9%d9%86%d9%86%d8%af%d9%87-%d8%a2%d9%84%d9%88%d9%88%d8%b1%d8%a7-%da%a9%d8%a7%d9%85%d8%a7%d9%86/
"روغن مو هير واتر  100 میل کامان",https://luxirana.com/?post_type=product&#038;p=778
"لوسیون بدن آووکادو کامان",https://luxirana.com/product/%d9%84%d9%88%d8%b3%db%8c%d9%88%d9%86-%d8%a8%d8%af%d9%86-%d8%a2%d9%88%d9%88%da%a9%d8%a7%d8%af%d9%88-%da%a9%d8%a7%d9%85%d8%a7%d9%86/
"لوسیون بدن نارگيل کامان",https://luxirana.com/product/%d9%84%d9%88%d8%b3%db%8c%d9%88%d9%86-%d8%a8%d8%af%d9%86-%d9%86%d8%a7%d8%b1%da%af%d9%8a%d9%84-%da%a9%d8%a7%d9%85%d8%a7%d9%86/
"شامپو بدن کرمي پاک کننده محافظ عسل کامان",https://luxirana.com/product/%d8%b4%d8%a7%d9%85%d9%be%d9%88-%d8%a8%d8%af%d9%86-%da%a9%d8%b1%d9%85%d9%8a-%d9%be%d8%a7%da%a9-%da%a9%d9%86%d9%86%d8%af%d9%87-%d9%85%d8%ad%d8%a7%d9%81%d8%b8-%d8%b9%d8%b3%d9%84-%da%a9%d8%a7%d9%85%d8%a7/
"شامپو بدن ژلي لايه بردار صدفی کامان",https://luxirana.com/product/%d8%b4%d8%a7%d9%85%d9%be%d9%88-%d8%a8%d8%af%d9%86-%da%98%d9%84%d9%8a-%d9%84%d8%a7%d9%8a%d9%87-%d8%a8%d8%b1%d8%af%d8%a7%d8%b1-%d8%b5%d8%af%d9%81%db%8c-%da%a9%d8%a7%d9%85%d8%a7%d9%86/
"شامپو بدن کرمي رطوبت رسان فندق کامان",https://luxirana.com/product/%d8%b4%d8%a7%d9%85%d9%be%d9%88-%d8%a8%d8%af%d9%86-%da%a9%d8%b1%d9%85%d9%8a-%d8%b1%d8%b7%d9%88%d8%a8%d8%aa-%d8%b1%d8%b3%d8%a7%d9%86-%d9%81%d9%86%d8%af%d9%82-%da%a9%d8%a7%d9%85%d8%a7%d9%86/
"شامپو بدن کرمی شاداب کننده لوندر کامان",https://luxirana.com/product/lavender-refreshing-creamy-body-shampoo/
"شامپو بدن ژلي مردانه کامان",https://luxirana.com/product/%d8%b4%d8%a7%d9%85%d9%be%d9%88-%d8%a8%d8%af%d9%86-%da%98%d9%84%d9%8a-%d9%85%d8%b1%d8%af%d8%a7%d9%86%d9%87-%da%a9%d8%a7%d9%85%d8%a7%d9%86/
"کرم آبرسان مردانه پمپي 500Ml کامان",https://luxirana.com/product/%da%a9%d8%b1%d9%85-%d8%a2%d8%a8%d8%b1%d8%b3%d8%a7%d9%86-%d9%85%d8%b1%d8%af%d8%a7%d9%86%d9%87-%d9%be%d9%85%d9%be%d9%8a-500ml-%da%a9%d8%a7%d9%85%d8%a7%d9%86/
"کرم آبرسان Q10 پمپی 500Ml کامان",https://luxirana.com/product/%da%a9%d8%b1%d9%85-%d8%a2%d8%a8%d8%b1%d8%b3%d8%a7%d9%86-q10-%d9%be%d9%85%d9%be%d9%8a-500ml-%da%a9%d8%a7%d9%85%d8%a7%d9%86/
"کرم آبرسان Sensitive پمپی 500Ml کامان",https://luxirana.com/product/%da%a9%d8%b1%d9%85-%d8%a2%d8%a8%d8%b1%d8%b3%d8%a7%d9%86-sensitive-%d9%be%d9%85%d9%be%d9%8a-500ml-%da%a9%d8%a7%d9%85%d8%a7%d9%86/
"کرم آبرسان Vitamin C پمپی 500Ml کامان",https://luxirana.com/?post_type=product&#038;p=789
"کرم آبرسان Collagen پمپی 500Ml کامان",https://luxirana.com/?post_type=product&#038;p=790
"کاندوم تاخيري کاپوت 12 عددي ارگاسم سه برابر",https://luxirana.com/?post_type=product&#038;p=791
"اسپری تاخیری نان استاپ کاپوت",https://luxirana.com/product/%d8%a7%d8%b3%d9%be%d8%b1%d9%8a-%d8%aa%d8%a7%d8%ae%d9%8a%d8%b1%d9%8a-%d9%86%d8%a7%d9%86-%d8%a7%d8%b3%d8%aa%d8%a7%d9%be-%da%a9%d8%a7%d9%be%d9%88%d8%aa/
"کاندوم  12 عددی کلاسیک کاپوت",https://luxirana.com/product/%da%a9%d8%a7%d9%86%d8%af%d9%88%d9%85-12-%d8%b9%d8%af%d8%af%d9%8a-%da%a9%d9%84%d8%a7%d8%b3%d9%8a%da%a9-%da%a9%d8%a7%d9%be%d9%88%d8%aa/
"کاندوم  12 عددی فوق العاده نازک جدید کاپوت",https://luxirana.com/?post_type=product&#038;p=794
"کاندوم 12 عددی خاردار درشت کاپوت",https://luxirana.com/?post_type=product&#038;p=851
"کاندوم 12 عددی تاخیری فوق العاده کاپوت",https://luxirana.com/product/%da%a9%d8%a7%d9%86%d8%af%d9%88%d9%85-12-%d8%b9%d8%af%d8%af%d9%8a-%d8%aa%d8%a7%d8%ae%d9%8a%d8%b1%d9%8a-%d9%81%d9%88%d9%82-%d8%a7%d9%84%d8%b9%d8%a7%d8%af%d9%87-%da%a9%d8%a7%d9%be%d9%88%d8%aa/
"کاندوم 12 عددی اناری کاپوت",https://luxirana.com/product/%da%a9%d8%a7%d9%86%d8%af%d9%88%d9%85-12-%d8%b9%d8%af%d8%af%d9%8a-%d8%a7%d9%86%d8%a7%d8%b1%d9%8a-%da%a9%d8%a7%d9%be%d9%88%d8%aa/
"کاندوم 12 عددی احساس سه بعدی کاپوت",https://luxirana.com/?post_type=product&#038;p=854
"کاندوم 12 عددی ميکروتین کاپوت",https://luxirana.com/product/%da%a9%d8%a7%d9%86%d8%af%d9%88%d9%85-12-%d8%b9%d8%af%d8%af%d9%8a-%d9%85%d9%8a%da%a9%d8%b1%d9%88%d8%aa%d9%8a%d9%86-%da%a9%d8%a7%d9%be%d9%88%d8%aa/
"کاندوم 12 عددی لارگو کاپوت",https://luxirana.com/product/%da%a9%d8%a7%d9%86%d8%af%d9%88%d9%85-12-%d8%b9%d8%af%d8%af%d9%8a-%d9%84%d8%a7%d8%b1%da%af%d9%88-%da%a9%d8%a7%d9%be%d9%88%d8%aa/
"کاندوم 12 عددی انرژی کاپوت",https://luxirana.com/?post_type=product&#038;p=857
"کاندوم 12 عددي تاخيري 45 دقيقه اي کاپوت",https://luxirana.com/product/%da%a9%d8%a7%d9%86%d8%af%d9%88%d9%85-12-%d8%b9%d8%af%d8%af%d9%8a-%d8%aa%d8%a7%d8%ae%d9%8a%d8%b1%d9%8a-45-%d8%af%d9%82%d9%8a%d9%82%d9%87-%d8%a7%d9%8a-%da%a9%d8%a7%d9%be%d9%88%d8%aa/
"کاندوم 12 عددي مشکي کاپوت",https://luxirana.com/?post_type=product&#038;p=859
"کاندوم 12 عددي ارگاسم سه برابر کاپوت",https://luxirana.com/?post_type=product&#038;p=860
"کاندوم 12 عددي مشکي تاخيري کاپوت",https://luxirana.com/?post_type=product&#038;p=861
"کاندوم 12 عددي سفت کننده کاپوت",https://luxirana.com/?post_type=product&#038;p=862
"کاندوم 12 عددي تاخيري فروتي &#8211; تاخيري کاپوت",https://luxirana.com/product/%da%a9%d8%a7%d9%86%d8%af%d9%88%d9%85-12-%d8%b9%d8%af%d8%af%d9%8a-%d8%aa%d8%a7%d8%ae%d9%8a%d8%b1%d9%8a-%d9%81%d8%b1%d9%88%d8%aa%d9%8a-%d8%aa%d8%a7%d8%ae%d9%8a%d8%b1%d9%8a-%da%a9%d8%a7%d9%be%d9%88/
"کاندوم 12 عددي کول تايم يک ساعته &#8211; 7 کاره سرد کاپوت",https://luxirana.com/?post_type=product&#038;p=864
"کاندوم 12 عددي فروتي تايم يک ساعته &#8211; 7 کاره گرم کاپوت",https://luxirana.com/?post_type=product&#038;p=865
"کاندوم 12 عددي نازک 58 درصد &#8211; ضد اسپرم کاپوت",https://luxirana.com/?post_type=product&#038;p=866
"کاندوم12 عددي حساس نوتلا &#8211; ضد حساسيت کاپوت",https://luxirana.com/product/%da%a9%d8%a7%d9%86%d8%af%d9%88%d9%8512-%d8%b9%d8%af%d8%af%d9%8a-%d8%ad%d8%b3%d8%a7%d8%b3-%d9%86%d9%88%d8%aa%d9%84%d8%a7-%d8%b6%d8%af-%d8%ad%d8%b3%d8%a7%d8%b3%d9%8a%d8%aa-%da%a9%d8%a7%d9%be%d9%88/
"کاندوم 12 عددي ليدي ارگاسم &#8211; تحريک کننده تاخيري کاپوت",https://luxirana.com/?post_type=product&#038;p=868
"کاندوم 12 عددي کلاسيک ضد قارچ کاپوت",https://luxirana.com/?post_type=product&#038;p=869
"کاندوم 12 عددي تاخيري انرژي کاپوت",https://luxirana.com/?post_type=product&#038;p=870
"کاندوم 12 عددي ارگاسميک کاپوت",https://luxirana.com/?post_type=product&#038;p=871
"کاندوم 10 عددي فويل مربع نان استاپ کاپوت",https://luxirana.com/product/%da%a9%d8%a7%d9%86%d8%af%d9%88%d9%85-10-%d8%b9%d8%af%d8%af%d9%8a-%d9%81%d9%88%d9%8a%d9%84-%d9%85%d8%b1%d8%a8%d8%b9-%d9%86%d8%a7%d9%86-%d8%a7%d8%b3%d8%aa%d8%a7%d9%be-%da%a9%d8%a7%d9%be%d9%88%d8%aa/
"کاندوم10 عددي هزار و يک خار درشت کاپوت",https://luxirana.com/product/%da%a9%d8%a7%d9%86%d8%af%d9%88%d9%8510-%d8%b9%d8%af%d8%af%d9%8a-%d9%87%d8%b2%d8%a7%d8%b1-%d9%88-%d9%8a%da%a9-%d8%ae%d8%a7%d8%b1-%d8%af%d8%b1%d8%b4%d8%aa-%da%a9%d8%a7%d9%be%d9%88%d8%aa/
"کاندوم 12 عددي کلاسيک 30 ميکرون کاپوت",https://luxirana.com/?post_type=product&#038;p=874
"کاندوم 10 عددي کلاسيک 30 ميکرون کاپوت",https://luxirana.com/product/%da%a9%d8%a7%d9%86%d8%af%d9%88%d9%85-10-%d8%b9%d8%af%d8%af%d9%8a-%da%a9%d9%84%d8%a7%d8%b3%d9%8a%da%a9-30-%d9%85%d9%8a%da%a9%d8%b1%d9%88%d9%86-%da%a9%d8%a7%d9%be%d9%88%d8%aa/
"کاندوم 3 عددي کلاسيک کاپوت",https://luxirana.com/product/%da%a9%d8%a7%d9%86%d8%af%d9%88%d9%85-3-%d8%b9%d8%af%d8%af%d9%8a-%da%a9%d9%84%d8%a7%d8%b3%d9%8a%da%a9-%da%a9%d8%a7%d9%be%d9%88%d8%aa/
"کاندوم 3 عددي خاردار درشت کاپوت",https://luxirana.com/?post_type=product&#038;p=877
"کاندوم 3 عددي تاخيري فوق العاده کاپوت",https://luxirana.com/product/%da%a9%d8%a7%d9%86%d8%af%d9%88%d9%85-3-%d8%b9%d8%af%d8%af%d9%8a-%d8%aa%d8%a7%d8%ae%d9%8a%d8%b1%d9%8a-%d9%81%d9%88%d9%82-%d8%a7%d9%84%d8%b9%d8%a7%d8%af%d9%87-%da%a9%d8%a7%d9%be%d9%88%d8%aa/
"کاندوم 3 عددي ارگاسم سه برابر کاپوت",https://luxirana.com/?post_type=product&#038;p=879
"کاندوم 3 عددي نازک 58 درصد &#8211; ضد اسپرم کاپوت",https://luxirana.com/?post_type=product&#038;p=888
"کاندوم 3 عددي 7 کاره گرم کاپوت",https://luxirana.com/product/%da%a9%d8%a7%d9%86%d8%af%d9%88%d9%85-3-%d8%b9%d8%af%d8%af%d9%8a-7-%da%a9%d8%a7%d8%b1%d9%87-%da%af%d8%b1%d9%85-%da%a9%d8%a7%d9%be%d9%88%d8%aa/
"کاندوم 3 عددي هزار و يک خار درشت کاپوت",https://luxirana.com/product/%da%a9%d8%a7%d9%86%d8%af%d9%88%d9%85-3-%d8%b9%d8%af%d8%af%d9%8a-%d9%87%d8%b2%d8%a7%d8%b1-%d9%88-%d9%8a%da%a9-%d8%ae%d8%a7%d8%b1-%d8%af%d8%b1%d8%b4%d8%aa-%da%a9%d8%a7%d9%be%d9%88%d8%aa/
"کاندوم 3 عددي کلاسيک 30 ميکرون کاپوت",https://luxirana.com/product/%da%a9%d8%a7%d9%86%d8%af%d9%88%d9%85-3-%d8%b9%d8%af%d8%af%d9%8a-%da%a9%d9%84%d8%a7%d8%b3%d9%8a%da%a9-30-%d9%85%d9%8a%da%a9%d8%b1%d9%88%d9%86-%da%a9%d8%a7%d9%be%d9%88%d8%aa/
"کاندوم 12 عددي 360 درجه کاپوت",https://luxirana.com/?post_type=product&#038;p=896
"دستمال مرطوب پاک کننده آرایش دافی مدل Q10 طرح میوه آووکادو بسته 50 عددی",https://luxirana.com/product/%d8%af%d8%b3%d8%aa%d9%85%d8%a7%d9%84-%d9%85%d8%b1%d8%b7%d9%88%d8%a8-%d9%be%d8%a7%da%a9-%da%a9%d9%86%d9%86%d8%af%d9%87-%d8%a2%d8%b1%d8%a7%db%8c%d8%b4-%d8%af%d8%a7%d9%81%db%8c-%d9%85%d8%af%d9%84-q10-5/
"دستمال مرطوب پاک کننده آرایش دافی مدل Q10 طرح میوه بلوبری بسته 50 عددی",https://luxirana.com/product/%d8%af%d8%b3%d8%aa%d9%85%d8%a7%d9%84-%d9%85%d8%b1%d8%b7%d9%88%d8%a8-%d9%be%d8%a7%da%a9-%da%a9%d9%86%d9%86%d8%af%d9%87-%d8%a2%d8%b1%d8%a7%db%8c%d8%b4-%d8%af%d8%a7%d9%81%db%8c-%d9%85%d8%af%d9%84-q10-6/
"دستمال مرطوب کودک کالاندولا 50 برگ سبز دافی",https://luxirana.com/product/%d8%af%d8%b3%d8%aa%d9%85%d8%a7%d9%84-%d9%85%d8%b1%d8%b7%d9%88%d8%a8-%da%a9%d9%88%d8%af%da%a9-%da%a9%d8%a7%d9%84%d8%a7%d9%86%d8%af%d9%88%d9%84%d8%a7-50-%d8%a8%d8%b1%da%af-%d8%b3%d8%a8%d8%b2-%d8%af/
"دستمال مرطوب کودک کالاندولا 50 برگ صورتی دافی",https://luxirana.com/product/%d8%af%d8%b3%d8%aa%d9%85%d8%a7%d9%84-%d9%85%d8%b1%d8%b7%d9%88%d8%a8-%da%a9%d9%88%d8%af%da%a9-%da%a9%d8%a7%d9%84%d8%a7%d9%86%d8%af%d9%88%d9%84%d8%a7-50-%d8%a8%d8%b1%da%af-%d8%b5%d9%88%d8%b1%d8%aa%db%8c/
"دستمال مرطوب پاک کننده کودک دافی مدل اکسترا بسته سبز 100 عددی",https://luxirana.com/product/%d8%af%d8%b3%d8%aa%d9%85%d8%a7%d9%84-%d9%85%d8%b1%d8%b7%d9%88%d8%a8-%d9%be%d8%a7%da%a9-%da%a9%d9%86%d9%86%d8%af%d9%87-%da%a9%d9%88%d8%af%da%a9-%d8%af%d8%a7%d9%81%db%8c-%d9%85%d8%af%d9%84-%d8%a7-2/
"دستمال مرطوب پاک کننده آرایش دافی",https://luxirana.com/product/makeup-remover-wipes/
"دستمال مرطوب کودک کمرباریک فاقداسانس دافی",https://luxirana.com/product/%d8%af%d8%b3%d8%aa%d9%85%d8%a7%d9%84-%d9%85%d8%b1%d8%b7%d9%88%d8%a8-%da%a9%d9%88%d8%af%da%a9-%da%a9%d9%85%d8%b1%d8%a8%d8%a7%d8%b1%db%8c%da%a9-%d9%81%d8%a7%d9%82%d8%af%d8%a7%d8%b3%d8%a7%d9%86%d8%b3/
"دستمال مرطوب کودک کالاندولا 50 برگی کمر باریک دافی",https://luxirana.com/?post_type=product&#038;p=1025
"دستمال مرطوب کودک کمر باریک اکسترا دافی",https://luxirana.com/product/%d8%af%d8%b3%d8%aa%d9%85%d8%a7%d9%84-%d9%85%d8%b1%d8%b7%d9%88%d8%a8-%da%a9%d9%88%d8%af%da%a9-%da%a9%d9%85%d8%b1-%d8%a8%d8%a7%d8%b1%db%8c%da%a9-%d8%a7%da%a9%d8%b3%d8%aa%d8%b1%d8%a7-%d8%af%d8%a7%d9%81/
"دستمال مرطوب آرایش کمر باریک 50 برگی دافی",https://luxirana.com/?post_type=product&#038;p=1029
"دستمال مرطوب لاک پاک کن قوطی دافی",https://luxirana.com/product/%d8%af%d8%b3%d8%aa%d9%85%d8%a7%d9%84-%d9%85%d8%b1%d8%b7%d9%88%d8%a8-%d9%84%d8%a7%da%a9-%d9%be%d8%a7%da%a9-%da%a9%d9%86-%d9%82%d9%88%d8%b7%db%8c-%d8%af%d8%a7%d9%81%db%8c/
"دستمال پاک کننده شیرآلات دافی",https://luxirana.com/?post_type=product&#038;p=1035
"کرم ترک پا دافی",https://luxirana.com/product/%da%a9%d8%b1%d9%85-%d8%aa%d8%b1%da%a9-%d9%be%d8%a7-%d8%af%d8%a7%d9%81%db%8c/
"ژل ضدعفونی کننده دست 50ميل دافی",https://luxirana.com/?post_type=product&#038;p=1041
"شامپو مخصوص ضد ریزش ویتامینه و تقویت کننده دافی",https://luxirana.com/?post_type=product&#038;p=1043
"دستمال مرطوب کودک کمرباريک فاقداسانس نینو",https://luxirana.com/product/%d8%af%d8%b3%d8%aa%d9%85%d8%a7%d9%84-%d9%85%d8%b1%d8%b7%d9%88%d8%a8-%da%a9%d9%88%d8%af%da%a9-%da%a9%d9%85%d8%b1%d8%a8%d8%a7%d8%b1%d9%8a%da%a9-%d9%81%d8%a7%d9%82%d8%af%d8%a7%d8%b3%d8%a7%d9%86%d8%b3-2/
"دستمال مرطوب کودک مينيون سبز درب دار نینو",https://luxirana.com/product/%d8%af%d8%b3%d8%aa%d9%85%d8%a7%d9%84-%d9%85%d8%b1%d8%b7%d9%88%d8%a8-%da%a9%d9%88%d8%af%da%a9-%d9%85%d9%8a%d9%86%d9%8a%d9%88%d9%86-%d8%af%d8%b1%d8%a8-%d8%af%d8%a7%d8%b1-%d9%86%db%8c%d9%86%d9%88/
"دستمال مرطوب آرايش پاک کن 27 برگ لايه بردار نینو",https://luxirana.com/product/%d8%af%d8%b3%d8%aa%d9%85%d8%a7%d9%84-%d9%85%d8%b1%d8%b7%d9%88%d8%a8-%d8%a2%d8%b1%d8%a7%d9%8a%d8%b4-%d9%be%d8%a7%da%a9-%da%a9%d9%86-27-%d8%a8%d8%b1%da%af-%d9%84%d8%a7%d9%8a%d9%87-%d8%a8%d8%b1%d8%af/
"کرم پمپي اسانس انجير آمبرلا",https://luxirana.com/?post_type=product&#038;p=1057
"کرم پمپي اسانس انار آمبرلا",https://luxirana.com/?post_type=product&#038;p=1059
"کرم تيوپي اسانس انگور آمبرلا",https://luxirana.com/?post_type=product&#038;p=1061
"استیک زنانه اسموت آمبرلا",https://luxirana.com/product/womens-smooth-stick/
"استیک زنانه انرژی آمبرلا",https://luxirana.com/product/womens-energy-stick/
"استيک زنانه سافت آمبرلا",https://luxirana.com/product/soft-womens-stick/
"استيک مردانه توتال آمبرلا",https://luxirana.com/product/total-mens-stick/
"استيک مردانه اسمارت آمبرلا",https://luxirana.com/product/smart-mens-stick/
"اسپری دئودورانت 360 کر زنانه اسکین واتر",https://luxirana.com/?post_type=product&#038;p=1069
"اسپری دئودورانت فیتنس زنانه اسکین واتر",https://luxirana.com/?post_type=product&#038;p=1072
"اسپری دئودورانت استرس پروتکت مردانه اسکین واتر",https://luxirana.com/?post_type=product&#038;p=1074
"اسپری دئودورانت ری شارژ مردانه اسکین واتر",https://luxirana.com/?post_type=product&#038;p=1076
"ژل افترشیو مردانه آبرسان و حساس کامان",https://luxirana.com/?post_type=product&#038;p=1078
"خميردندان کودک آدم برفی میسویک",https://luxirana.com/product/%d8%ae%d9%85%d9%8a%d8%b1%d8%af%d9%86%d8%af%d8%a7%d9%86-%da%a9%d9%88%d8%af%da%a9-%d8%a2%d8%af%d9%85-%d8%a8%d8%b1%d9%81%db%8c-%d9%85%db%8c%d8%b3%d9%88%db%8c%da%a9/
"خميردندان کودک اسپایدر من میسویک",https://luxirana.com/product/%d8%ae%d9%85%d9%8a%d8%b1%d8%af%d9%86%d8%af%d8%a7%d9%86-%da%a9%d9%88%d8%af%da%a9-%d8%a7%d8%b3%d9%be%d8%a7%db%8c%d8%af%d8%b1-%d9%85%d9%86-%d9%85%db%8c%d8%b3%d9%88%db%8c%da%a9/
"خميردندان کودک توت فرنگی میسویک",https://luxirana.com/product/%d8%ae%d9%85%d9%8a%d8%b1%d8%af%d9%86%d8%af%d8%a7%d9%86-%da%a9%d9%88%d8%af%da%a9-%d8%aa%d9%88%d8%aa-%d9%81%d8%b1%d9%86%da%af%db%8c-%d9%85%db%8c%d8%b3%d9%88%db%8c%da%a9/
"کدکس 3 عددی لارگو قرمز",https://luxirana.com/product/%da%a9%d8%af%da%a9%d8%b3-3-%d8%b9%d8%af%d8%af%d9%8a-%d9%84%d8%a7%d8%b1%da%af%d9%88-%d9%82%d8%b1%d9%85%d8%b2/
"کاندوم کاپوت نان استاپ 10 عددی",https://luxirana.com/?post_type=product&#038;p=1098
"استيک مردانه هیرو آمبرلا",https://luxirana.com/product/hero-mens-stick/
"کرم وازلین بهداشتی پمپی دافی",https://luxirana.com/product/%da%a9%d8%b1%d9%85-%d9%88%d8%a7%d8%b2%d9%84%db%8c%d9%86-%d8%a8%d9%87%d8%af%d8%a7%d8%b4%d8%aa%db%8c-%d9%be%d9%85%d9%be%db%8c-%d8%af%d8%a7%d9%81%db%8c/
"لوسیون بدن لوندر دافی",https://luxirana.com/product/lavender-body-lotion/
"لوسیون بدن آلوئه ورا دافی",https://luxirana.com/product/%d9%84%d9%88%d8%b3%db%8c%d9%88%d9%86-%d8%a8%d8%af%d9%86-%d8%a7%d9%84%d9%88%d9%88%d8%b1%d8%a7-%d8%af%d8%a7%d9%81%db%8c/
"لوسیون بدن آووکادو دافی",https://luxirana.com/product/%d9%84%d9%88%d8%b3%db%8c%d9%88%d9%86-%d8%a2%d9%88%d8%a7%da%a9%d8%a7%d8%af%d9%88-%d8%af%d8%a7%d9%81%db%8c/
"ژل شستشوی صورت مخصوص پوست حساس کامان",https://luxirana.com/product/%da%98%d9%84-%d8%b4%d8%b3%d8%aa%d8%b4%d9%88%db%8c-%d8%b5%d9%88%d8%b1%d8%aa-%d9%85%d8%ae%d8%b5%d9%88%d8%b5-%d9%be%d9%88%d8%b3%d8%aa-%d8%ad%d8%b3%d8%a7%d8%b3-%da%a9%d8%a7%d9%85%d8%a7%d9%86/
"ژل شستشوی صورت مخصوص پوست دارای جوش کامان",https://luxirana.com/product/%da%98%d9%84-%d8%b4%d8%b3%d8%aa%d8%b4%d9%88%db%8c-%d8%b5%d9%88%d8%b1%d8%aa-%d9%85%d8%ae%d8%b5%d9%88%d8%b5-%d9%be%d9%88%d8%b3%d8%aa-%d8%af%d8%a7%d8%b1%d8%a7%db%8c-%d8%ac%d9%88%d8%b4-%da%a9%d8%a7%d9%85/
"ژل شستشوی صورت مناسب انواع پوست دافی",https://luxirana.com/?post_type=product&#038;p=65106
"ژل شستشوی صورت مناسب پوست چرب و جوشدار دافی",https://luxirana.com/?post_type=product&#038;p=65110
"شامپو مردانه ضد شوره و آبرسان مناسب انواع مو هیر واتر",https://luxirana.com/product/%d8%b4%d8%a7%d9%85%d9%be%d9%88-%d9%85%d8%b1%d8%af%d8%a7%d9%86%d9%87-%d8%b6%d8%af-%d8%b4%d9%88%d8%b1%d9%87-%d9%88-%d8%a2%d8%a8%d8%b1%d8%b3%d8%a7%d9%86-%d9%85%d9%86%d8%a7%d8%b3%d8%a8-%d8%a7%d9%86%d9%88/
"شامپو مردانه ضد شوره و خنک کننده مناسب موهای چرب هیر واتر",https://luxirana.com/?post_type=product&#038;p=65114
"شامپو مردانه ضد شوره و حجم دهنده مناسب انواع مو هیر واتر",https://luxirana.com/?post_type=product&#038;p=65116
"شامپو مردانه ضد شوره و تقویت کننده مناسب انواع مو هیر واتر",https://luxirana.com/?post_type=product&#038;p=65119
"ژل لوبریکنت مکس تایم استاپ کاپوت",https://luxirana.com/product/%da%98%d9%84-%d9%84%d9%88%d8%a8%d8%b1%db%8c%da%a9%d9%86%d8%aa-%d9%85%da%a9%d8%b3-%d8%aa%d8%a7%db%8c%d9%85-%d8%a7%d8%b3%d8%aa%d8%a7%d9%be-%da%a9%d8%a7%d9%be%d9%88%d8%aa/
"ژل لوبریکنت موزی کاپوت",https://luxirana.com/product/%da%98%d9%84-%d9%84%d9%88%d8%a8%d8%b1%db%8c%da%a9%d9%86%d8%aa-%d9%85%d9%88%d8%b2%db%8c-%da%a9%d8%a7%d9%be%d9%88%d8%aa/
"ژل لوبریکنت الترا تاچ کاپوت",https://luxirana.com/?post_type=product&#038;p=65126
"کاندوم کدکس ۱۰ عددی مشکی فوق العاده تاخیری",https://luxirana.com/?post_type=product&#038;p=65440
"کاندوم کدکس ۱۲ عددی مشکی فوق العاده نازک و خاردار",https://luxirana.com/?post_type=product&#038;p=65445
"پک هدیه بزرگسال میسویک",https://luxirana.com/?post_type=product&#038;p=65521
"کاندوم کدکس ۱۰ عددی ۳ میکرون",https://luxirana.com/product/%da%a9%d8%a7%d9%86%d8%af%d9%88%d9%85-%da%a9%d8%af%da%a9%d8%b3-%db%b1%db%b0-%d8%b9%d8%af%d8%af%db%8c-%db%b3-%d9%85%db%8c%da%a9%d8%b1%d9%88%d9%86/
"شامپو مخصوص ضد ریزش ویتامینه و تقویت کننده ۳۰۰ میل دافی",https://luxirana.com/?post_type=product&#038;p=67280
"شامپو حجم دهنده موهای چرب و نازک ۳۰۰ میل دافی",https://luxirana.com/?post_type=product&#038;p=67281
"شامپو مخصوص موهای معمولی و خشک ۳۰۰ میل دافی",https://luxirana.com/?post_type=product&#038;p=67282
"شامپو مخصوص موهای بلوند و رنگ شده حجم ۳۰۰ میل دافی",https://luxirana.com/?post_type=product&#038;p=67283
"سرم مو هیر واتر ۷۰ میل",https://luxirana.com/product/hair-water-hair-serum/
"نخ دندان سفیدکننده زنون",https://luxirana.com/?post_type=product&#038;p=68306
"نخ دندان حساس زنون",https://luxirana.com/?post_type=product&#038;p=68308
"نخ دندان توتال زنون",https://luxirana.com/?post_type=product&#038;p=68310
"کرم ضد آفتاب مناسب پوست جوشدار و چرب پیکسل",https://luxirana.com/product/%da%a9%d8%b1%d9%85-%d8%b6%d8%af-%d8%a2%d9%81%d8%aa%d8%a7%d8%a8-%d9%be%d9%88%d8%b3%d8%aa-%d8%ac%d9%88%d8%b4%d8%af%d8%a7%d8%b1-%d9%88-%da%86%d8%b1%d8%a8-%d9%be%db%8c%da%a9%d8%b3%d9%84/
"کرم ضد آفتاب مناسب پوست خشک و نرمال پیکسل",https://luxirana.com/product/%da%a9%d8%b1%d9%85-%d8%b6%d8%af-%d8%a2%d9%81%d8%aa%d8%a7%d8%a8-%d9%be%d9%88%d8%b3%d8%aa-%d8%ae%d8%b4%da%a9-%d9%88-%d9%86%d8%b1%d9%85%d8%a7%d9%84-%d9%be%db%8c%da%a9%d8%b3%d9%84/
"کاندوم کدکس ۱۲ عددی مشکی تاخیری",https://luxirana.com/?post_type=product&#038;p=68763
"کاندوم کدکس ۳ عددی کلاسیک",https://luxirana.com/product/%da%a9%d8%a7%d9%86%d8%af%d9%88%d9%85-%da%a9%d8%af%da%a9%d8%b3-%db%b3-%d8%b9%d8%af%d8%af%db%8c-%da%a9%d9%84%d8%a7%d8%b3%db%8c%da%a9/
"کاندوم کدکس ۳ عددی تاخیری فیزیکی دوبل",https://luxirana.com/product/%da%a9%d8%a7%d9%86%d8%af%d9%88%d9%85-%da%a9%d8%af%da%a9%d8%b3-%db%b3-%d8%b9%d8%af%d8%af%db%8c-%d8%aa%d8%a7%d8%ae%db%8c%d8%b1%db%8c-%d9%81%db%8c%d8%b2%db%8c%da%a9%db%8c-%d8%af%d9%88%d8%a8%d9%84/
"اسپری تاخیری ارگاسم ۳ برابر کاپوت",https://luxirana.com/product/%d8%a7%d8%b3%d9%be%d8%b1%db%8c-%d8%aa%d8%a7%d8%ae%db%8c%d8%b1%db%8c-%da%a9%d8%a7%d9%be%d9%88%d8%aa-%d8%a7%d8%b1%da%af%d8%a7%d8%b3%d9%85-%db%b3-%d8%a8%d8%b1%d8%a7%d8%a8%d8%b1/
"خمیردندان توتال پمپی 260 میل میسویک",https://luxirana.com/?post_type=product&#038;p=71129
"خمیردندان کودک پمپی سونیک 260 میل میسویک",https://luxirana.com/?post_type=product&#038;p=71131
"خمیردندان کودک پمپی تک شاخ 260 میل میسویک",https://luxirana.com/?post_type=product&#038;p=71135
"دهان شویه توتال (multi action) زنون",https://luxirana.com/?post_type=product&#038;p=71137
"دهان شویه حساس Pro-relief زنون",https://luxirana.com/?post_type=product&#038;p=71142
"دهان شویه سفیدکننده Smart-white زنون",https://luxirana.com/?post_type=product&#038;p=71144
"دهان شویه کودک زنون",https://luxirana.com/?post_type=product&#038;p=71146
"کرم ضدآفتاب رنگ بژ روشن مناسب پوست جوشدار و چرب پیکسل",https://luxirana.com/product/%da%a9%d8%b1%d9%85-%d8%b6%d8%af%d8%a2%d9%81%d8%aa%d8%a7%d8%a8-%d8%b1%d9%86%da%af-%d8%a8%da%98-%d8%b1%d9%88%d8%b4%d9%86-%d9%85%d9%86%d8%a7%d8%b3%d8%a8-%d9%be%d9%88%d8%b3%d8%aa-%da%86%d8%b1%d8%a8-%d9%be/
"کرم ضدآفتاب رنگ بژ طبیعی مناسب پوست جوشدار و چرب پیکسل",https://luxirana.com/product/%d8%b6%d8%af%d8%a2%d9%81%d8%aa%d8%a7%d8%a8-%d8%b1%d9%86%da%af-%d8%a8%da%98-%d8%b7%d8%a8%db%8c%d8%b9%db%8c-%d9%be%d9%88%d8%b3%d8%aa-%da%86%d8%b1%d8%a8-%d9%be%db%8c%da%a9%d8%b3%d9%84/
"کرم ضدآفتاب رنگ بژ طلایی مناسب پوست جوشدار و چرب پیکسل",https://luxirana.com/product/%d8%b6%d8%af%d8%a2%d9%81%d8%aa%d8%a7%d8%a8-%d8%b1%d9%86%da%af-%d8%a8%da%98-%d8%b7%d9%84%d8%a7%db%8c%db%8c-%d9%be%d9%88%d8%b3%d8%aa-%da%86%d8%b1%d8%a8-%d9%be%db%8c%da%a9%d8%b3%d9%84/
"کرم ضدآفتاب رنگ بژ روشن مناسب پوست خشک و نرمال پیکسل",https://luxirana.com/product/%d8%b6%d8%af%d8%a2%d9%81%d8%aa%d8%a7%d8%a8-%d8%b1%d9%86%da%af-%d8%a8%da%98-%d8%b1%d9%88%d8%b4%d9%86-%d9%be%d9%88%d8%b3%d8%aa-%d8%ae%d8%b4%da%a9-%d9%be%db%8c%da%a9%d8%b3%d9%84/
"کرم ضدآفتاب رنگ بژ طبیعی مناسب پوست خشک و نرمال پیکسل",https://luxirana.com/product/%d8%b6%d8%af%d8%a2%d9%81%d8%aa%d8%a7%d8%a8-%d8%b1%d9%86%da%af-%d8%a8%da%98-%d8%b7%d8%a8%db%8c%d8%b9%db%8c-%d9%be%d9%88%d8%b3%d8%aa-%d8%ae%d8%b4%da%a9-%d9%be%db%8c%da%a9%d8%b3%d9%84/
"پک هدیه کودک میسویک",https://luxirana.com/?post_type=product&#038;p=71345
"خمیردندان حساس پمپی 260 میل میسویک",https://luxirana.com/?post_type=product&#038;p=71387
"خمیردندان حساس پمپی ۱۸۵ میل میسویک",https://luxirana.com/?post_type=product&#038;p=72934
"خمیردندان توتال پمپی ۱۸۵ میل میسویک",https://luxirana.com/?post_type=product&#038;p=72936
"خميردندان سفید کننده روزانه ۱۸۵ میل میسویک",https://luxirana.com/?post_type=product&#038;p=72938
"ماسک مو هیر واتر حاوی بیوتین و زینک",https://luxirana.com/product/hair-mask-containing-biotin-and-zinc/
"خمیردندان کودک پمپی سونیک ۱۸۵ میل میسویک",https://luxirana.com/?post_type=product&#038;p=73179
"خمیردندان کودک پمپی تک شاخ ۱۸۵ میل میسویک",https://luxirana.com/?post_type=product&#038;p=73181
"خمیر دندان پمپی ۲۳۰ میل توتال زنون",https://luxirana.com/?post_type=product&#038;p=73230
"خمیر دندان پمپی ۲۳۰ میل حساس زنون",https://luxirana.com/?post_type=product&#038;p=73232
"خمیر دندان پمپی ۲۳۰ میل سفید کننده زنون",https://luxirana.com/?post_type=product&#038;p=73234
"خمیر دندان پمپی ۲۳۰ میل کودک زنون",https://luxirana.com/?post_type=product&#038;p=73236
"کاندوم کدکس ۱۰ عددی ۱*۸ فکشن",https://luxirana.com/product/%da%a9%d8%a7%d9%86%d8%af%d9%88%d9%85-%da%a9%d8%af%da%a9%d8%b3-%db%b1%db%b0-%d8%b9%d8%af%d8%af%db%8c-%db%b1%db%b8-%d9%81%da%a9%d8%b4%d9%86/
"کاندوم کدکس ۱۰ عددی ۹۰ دقیقه دیلی",https://luxirana.com/product/%da%a9%d8%a7%d9%86%d8%af%d9%88%d9%85-%da%a9%d8%af%da%a9%d8%b3-%db%b1%db%b0-%d8%b9%d8%af%d8%af%db%8c-%db%b9%db%b0-%d8%af%d9%82%db%8c%d9%82%d9%87-%d8%af%db%8c%d9%84%db%8c/
"کاندوم کدکس ۱۰ عددی هپی لیدی",https://luxirana.com/product/%da%a9%d8%a7%d9%86%d8%af%d9%88%d9%85-%da%a9%d8%af%da%a9%d8%b3-%db%b1%db%b0-%d8%b9%d8%af%d8%af%db%8c-%d9%87%d9%be%db%8c-%d9%84%db%8c%d8%af%db%8c/
"کرم ضدآفتاب رنگ بژ طلایی مناسب پوست خشک و نرمال پیکسل",https://luxirana.com/product/%d8%b6%d8%af%d8%a2%d9%81%d8%aa%d8%a7%d8%a8-%d8%b1%d9%86%da%af-%d8%a8%da%98-%d8%b7%d9%84%d8%a7%db%8c%db%8c-%d9%be%d9%88%d8%b3%d8%aa-%d8%ae%d8%b4%da%a9-%d9%88-%d9%86%d8%b1%d9%85%d8%a7%d9%84-%d9%be%db%8c/
"کرم پمپی ب کمپلکس برای پوست های خیلی خشک 400 میل کامان",https://luxirana.com/product/%da%a9%d8%b1%d9%85-%d9%be%d9%85%d9%be%db%8c-%d9%be%d9%88%d8%b3%d8%aa%d9%87%d8%a7%db%8c-%d8%ae%db%8c%d9%84%db%8c-%d8%ae%d8%b4%da%a9-%da%a9%d8%a7%d9%85%d8%a7%d9%86/
"پک دهانشویه و خمیردندان میسویک",https://luxirana.com/?post_type=product&#038;p=76403
"دهان شویه گیاهی میسویک",https://luxirana.com/product/%d8%af%d9%87%d8%a7%d9%86-%d8%b4%d9%88%db%8c%d9%87-%da%af%db%8c%d8%a7%d9%87%db%8c-%d9%85%db%8c%d8%b3%d9%88%db%8c%da%a9/
"دهان شویه خوشبوکننده میسویک",https://luxirana.com/product/%d8%af%d9%87%d8%a7%d9%86-%d8%b4%d9%88%db%8c%d9%87-%d8%ae%d9%88%d8%b4%d8%a8%d9%88%da%a9%d9%86%d9%86%d8%af%d9%87-%d9%85%db%8c%d8%b3%d9%88%db%8c%da%a9/
"اسپری دو فاز مو بازسازی کننده هیر واتر کامان",https://luxirana.com/?post_type=product&#038;p=78581
"اسپری دو فاز مو محافظت کننده هیر واتر کامان",https://luxirana.com/product/%d8%a7%d8%b3%d9%be%d8%b1%db%8c-%d8%af%d9%88-%d9%81%d8%a7%d8%b2-%d9%85%d9%88-%d9%85%d8%ad%d8%a7%d9%81%d8%b8%d8%aa-%da%a9%d9%86%d9%86%d8%af%d9%87-%d9%87%db%8c%d8%b1-%d9%88%d8%a7%d8%aa%d8%b1/
"اسپری دو فاز مو تقویت کننده هیر واتر کامان",https://luxirana.com/?post_type=product&#038;p=78585
"شامپو کودک نینو",https://luxirana.com/product/%d8%b4%d8%a7%d9%85%d9%be%d9%88-%da%a9%d9%88%d8%af%da%a9-%d9%86%db%8c%d9%86%d9%88/
"لوسیون کودک نینو",https://luxirana.com/product/%d9%84%d9%88%d8%b3%db%8c%d9%88%d9%86-%da%a9%d9%88%d8%af%da%a9-%d9%86%db%8c%d9%86%d9%88/
"استیک صابونی گل بنفشه دافی",https://luxirana.com/product/dafi-violet-soap-stick/
"استیک صابونی گل بهاری دافی",https://luxirana.com/product/dafi-spring-flower-soap-stick/
"استیک صابونی بلوبری اوشن دافی",https://luxirana.com/product/ocean-blueberry-stick/
"استیک صابونی نارگیل استوایی دافی",https://luxirana.com/product/dafi-tropical-coconut-soap-stick/
"دستمال مرطوب کمر باریک مخصوص حیوانات خانگی سو آن پو",https://luxirana.com/?post_type=product&#038;p=79133
"کاندوم کدکس ۱۰ عددی آیس دابل دیلی",https://luxirana.com/product/%da%a9%d8%a7%d9%86%d8%af%d9%88%d9%85-%da%a9%d8%af%da%a9%d8%b3-%db%b1%db%b0-%d8%b9%d8%af%d8%af%db%8c-%d8%a2%db%8c%d8%b3-%d8%af%d8%a7%d8%a8%d9%84-%d8%af%db%8c%d9%84%db%8c/
"کاندوم کاپوت ۱۲ عددی کول تایم ۷ کاره سرد-ساده",https://luxirana.com/product/%da%a9%d8%a7%d9%86%d8%af%d9%88%d9%85-%da%a9%d8%a7%d9%be%d9%88%d8%aa-%db%b1%db%b2-%d8%b9%d8%af%d8%af%db%8c-%da%a9%d9%88%d9%84-%d8%aa%d8%a7%db%8c%d9%85-%db%b7-%da%a9%d8%a7%d8%b1%d9%87-%d8%b3%d8%b1%d8%af/
"کاندوم کاپوت ۱۲ عددی فروتی تایم ۷ کاره گرم-ساده",https://luxirana.com/product/%da%a9%d8%a7%d9%86%d8%af%d9%88%d9%85-%da%a9%d8%a7%d9%be%d9%88%d8%aa-%db%b1%db%b2-%d8%b9%d8%af%d8%af%db%8c-%d9%81%d8%b1%d9%88%d8%aa%db%8c-%d8%aa%d8%a7%db%8c%d9%85-%db%b7-%da%a9%d8%a7%d8%b1%d9%87-%da%af/
"کرم کاسه ای آووکادو حاوی ویتامین E دافی",https://luxirana.com/product/%da%a9%d8%b1%d9%85-%da%a9%d8%a7%d8%b3%d9%87-%d8%a7%db%8c-%d8%a2%d9%88%d8%a7%da%a9%d8%a7%d8%af%d9%88-%d8%af%d8%a7%d9%81%db%8c/
"کرم کاسه ای لوندر حاوی ویتامین A دافی",https://luxirana.com/product/lavender-bowl-cream-with-vitamin-a/
"کرم کاسه ای آلوئه ورا حاوی ویتامین C دافی",https://luxirana.com/product/%da%a9%d8%b1%d9%85-%da%a9%d8%a7%d8%b3%d9%87-%d8%a7%db%8c-%d8%a2%d9%84%d9%88%d8%a6%d9%87-%d9%88%d8%b1%d8%a7-%d8%af%d8%a7%d9%81%db%8c/
"پک اینفلوئنسرشو",https://luxirana.com/?post_type=product&#038;p=79885
"پک اینفلوئنسرشو کودک",https://luxirana.com/?post_type=product&#038;p=81470
"کرم کاسه ای پوست های خیلی خشک کامان",https://luxirana.com/product/%da%a9%d8%b1%d9%85-%da%a9%d8%a7%d8%b3%d9%87-%d8%a7%db%8c-%d9%be%d9%88%d8%b3%d8%aa-%d9%87%d8%a7%db%8c-%d8%ae%db%8c%d9%84%db%8c-%d8%ae%d8%b4%da%a9-%da%a9/
"پک کمپین روز مادر دافی",https://luxirana.com/?post_type=product&#038;p=82596
"ماسک مو عصاره عسل هیر واتر",https://luxirana.com/product/honey-extract-hair-mask/
"خمیردندان پمپی ۱۸۵ میل گیاهی بدون فلوراید میسویک",https://luxirana.com/?post_type=product&#038;p=92934
"خمیر دندان تیوپی توتال 8 زنون",https://luxirana.com/?post_type=product&#038;p=100563
"خمیر دندان تیوپی زیرو ضد حساسیت زنون",https://luxirana.com/?post_type=product&#038;p=100565
"خمیر دندان تیوپی سفید کننده روزانه زنون",https://luxirana.com/?post_type=product&#038;p=100566
"خمیر دندان تیوپی کودک 50 میل زنون",https://luxirana.com/?post_type=product&#038;p=100567
"پک جنتلمن توتال",https://luxirana.com/?post_type=product&#038;p=102668
"کاندوم تاخیری کدکس مدل Master 3 In 1 بسته 3 عددی &#8211; ساده",https://luxirana.com/product/%da%a9%d8%a7%d9%86%d8%af%d9%88%d9%85-%d8%aa%d8%a7%d8%ae%db%8c%d8%b1%db%8c-%da%a9%d8%af%da%a9%d8%b3-%d9%85%d8%af%d9%84-master-3-in-1-%d8%a8%d8%b3%d8%aa%d9%87-3-%d8%b9%d8%af%d8%af%db%8c-%d8%b3%d8%a7/
"کاندوم تاخیری کدکس مدل Master 3 In 1 بسته 12 عددی &#8211; ساده",https://luxirana.com/product/%da%a9%d8%a7%d9%86%d8%af%d9%88%d9%85-%d8%aa%d8%a7%d8%ae%db%8c%d8%b1%db%8c-%da%a9%d8%af%da%a9%d8%b3-%d9%85%d8%af%d9%84-master-3-in-1-%d8%a8%d8%b3%d8%aa%d9%87-12-%d8%b9%d8%af%d8%af%db%8c-%d8%b3%d8%a7/
"کاندوم کدکس مدل Nobel بسته 3 عددی &#8211; ساده",https://luxirana.com/product/%da%a9%d8%a7%d9%86%d8%af%d9%88%d9%85-%da%a9%d8%af%da%a9%d8%b3-%d9%85%d8%af%d9%84-nobel-%d8%a8%d8%b3%d8%aa%d9%87-3-%d8%b9%d8%af%d8%af%db%8c-%d8%b3%d8%a7%d8%af%d9%87/
"کاندوم 12 عددي تاخيري انرژي کاپوت &#8211; ساده",https://luxirana.com/product/%da%a9%d8%a7%d9%86%d8%af%d9%88%d9%85-12-%d8%b9%d8%af%d8%af%d9%8a-%d8%aa%d8%a7%d8%ae%d9%8a%d8%b1%d9%8a-%d8%a7%d9%86%d8%b1%da%98%d9%8a-%da%a9%d8%a7%d9%be%d9%88%d8%aa-%d8%b3%d8%a7%d8%af%d9%87/
"کرم تيوپي پوست های خیلی خشک کامان",https://luxirana.com/product/%da%a9%d8%b1%d9%85-%d8%aa%d9%8a%d9%88%d9%be%d9%8a-%d9%be%d9%88%d8%b3%d8%aa-%d9%87%d8%a7%db%8c-%d8%ae%db%8c%d9%84%db%8c-%d8%ae%d8%b4%da%a9-%da%a9%d8%a7%d9%85%d8%a7%d9%86/
"کرم پمپی ب کمپلکس پوست خشک آووکادو 200 میل کامان",https://luxirana.com/product/%da%a9%d8%b1%d9%85-%d9%be%d9%85%d9%be%db%8c-%d8%a8-%da%a9%d9%85%d9%be%d9%84%da%a9%d8%b3-%d9%be%d9%88%d8%b3%d8%aa-%d8%ae%d8%b4%da%a9-%d8%a2%d9%88%d9%88%da%a9%d8%a7%d8%af%d9%88/
"کرم پمپی ب کمپلکس پوست نرمال پشن بری 200 میل کامان",https://luxirana.com/product/%da%a9%d8%b1%d9%85-%d9%be%d9%85%d9%be%db%8c-%d8%a8-%da%a9%d9%85%d9%be%d9%84%da%a9%d8%b3-%d9%be%d9%88%d8%b3%d8%aa-%d9%86%d8%b1%d9%85%d8%a7%d9%84-%d9%be%d8%b4%d9%86-%d8%a8%d8%b1%db%8c-200-%d9%85%db%8c/
"کرم پمپی ب کمپلکس پوست چرب آرگان 200 میل کامان",https://luxirana.com/product/%da%a9%d8%b1%d9%85-%d9%be%d9%85%d9%be%db%8c-%d8%a8-%da%a9%d9%85%d9%be%d9%84%da%a9%d8%b3-%d9%be%d9%88%d8%b3%d8%aa-%da%86%d8%b1%d8%a8-%d8%a2%d8%b1%da%af%d8%a7%d9%86/
"کرم پمپی ب کمپلکس پوست خیلی خشک 200 میل کامان",https://luxirana.com/product/%da%a9%d8%b1%d9%85-%d9%be%d9%85%d9%be%db%8c-%d8%a8-%da%a9%d9%85%d9%be%d9%84%da%a9%d8%b3-%d9%be%d9%88%d8%b3%d8%aa-%d8%ae%d8%b4%da%a9-200-%d9%85%db%8c%d9%84-%da%a9%d8%a7%d9%85/
"کرم آبرسان night کامان",https://luxirana.com/product/%da%a9%d8%b1%d9%85_%d8%a2%d8%a8%d8%b1%d8%b3%d8%a7%d9%86_night_%da%a9%d8%a7%d9%85%d8%a7%d9%86/
"خميردندان گياهي بدون فلورايد 75 میل ميسويک",https://luxirana.com/product/%d8%ae%d9%85%d9%8a%d8%b1%d8%af%d9%86%d8%af%d8%a7%d9%86_%da%af%d9%8a%d8%a7%d9%87%d9%8a_%d8%a8%d8%af%d9%88%d9%86_%d9%81%d9%84%d9%88%d8%b1%d8%a7%d9%8a%d8%af_75_%d9%85%db%8c%d9%84_%d9%85%d9%8a%d8%b3%d9%88/
"پک دهانشویه توتال و خمیردندان گیاهی میسویک",https://luxirana.com/?post_type=product&#038;p=105456
"کرم تیوپی اویل پلاس آمبرلا",https://luxirana.com/?post_type=product&#038;p=107381
"پک روزانه",https://luxirana.com/?post_type=product&#038;p=107911
"پک لیدی",https://luxirana.com/?post_type=product&#038;p=107912
"پک گیاهی",https://luxirana.com/?post_type=product&#038;p=107913
"پک جنتلمن خنک",https://luxirana.com/?post_type=product&#038;p=107914
"پک دابل پمپ",https://luxirana.com/?post_type=product&#038;p=107915
"پک جنتلمن آبی",https://luxirana.com/?post_type=product&#038;p=107916
"پک روزانه توتال",https://luxirana.com/?post_type=product&#038;p=107917
"پک جنتلمن اسمارت",https://luxirana.com/?post_type=product&#038;p=109419
"پک جنتلمن حساس",https://luxirana.com/?post_type=product&#038;p=109420
"پک جنتلمن انرژی",https://luxirana.com/?post_type=product&#038;p=109421
"پک جنتلمن روزانه",https://luxirana.com/?post_type=product&#038;p=109422
"پک جنتلمن پاور",https://luxirana.com/?post_type=product&#038;p=109423
"پک جنتلمن کلاسیک",https://luxirana.com/?post_type=product&#038;p=109424
"پک لیدی حساس",https://luxirana.com/?post_type=product&#038;p=109425
"پک پزشکان",https://luxirana.com/?post_type=product&#038;p=117181
"پک مراقبت پوست نرمال دافی",https://luxirana.com/?post_type=product&#038;p=117701
"پک مراقبت پوست خشک دافی",https://luxirana.com/?post_type=product&#038;p=117703
"پک مراقبت پوست چرب دافی",https://luxirana.com/?post_type=product&#038;p=117705
"پک ورزش دافی",https://luxirana.com/?post_type=product&#038;p=117707
"پک هدیه دافی",https://luxirana.com/?post_type=product&#038;p=117709
"اسپری خوشبو کننده دهان اکالیپتوس میسویک",https://luxirana.com/product/%d8%a7%d8%b3%d9%be%d8%b1%db%8c-%d9%85%d8%ad%d8%a7%d9%81%d8%b8%d8%aa-%da%a9%d9%86%d9%86%d8%af%d9%87-%d8%af%d9%87%d8%a7%d9%86-%d9%88-%d8%af%d9%86%d8%af%d8%a7%d9%86-%d8%a7%da%a9%d8%a7%d9%84%db%8c%d9%be/
"اسپری خوشبو کننده دهان نعناع میسویک",https://luxirana.com/product/%d8%a7%d8%b3%d9%be%d8%b1%db%8c-%d9%85%d8%ad%d8%a7%d9%81%d8%b8%d8%aa-%da%a9%d9%86%d9%86%d8%af%d9%87-%d8%af%d9%87%d8%a7%d9%86-%d9%88-%d8%af%d9%86%d8%af%d8%a7%d9%86-%d9%86%d8%b9%d9%86%d8%a7%d8%b9-%d9%85/
"کاندوم کدکس ۱۲ عددی آنتی فونگال",https://luxirana.com/product/%da%a9%d8%a7%d9%86%d8%af%d9%88%d9%85-%da%a9%d8%af%da%a9%d8%b3-%db%b1%db%b2-%d8%b9%d8%af%d8%af%db%8c-%d8%a2%d9%86%d8%aa%db%8c-%d9%81%d9%88%d9%86%da%af%d8%a7%d9%84/
"کاندوم کدکس ۱۲ عددی تحریک کننده الترا نوبل &#8211; ساده",https://luxirana.com/product/%da%a9%d8%a7%d9%86%d8%af%d9%88%d9%85-%da%a9%d8%af%da%a9%d8%b3-%db%b1%db%b2-%d8%b9%d8%af%d8%af%db%8c-%d8%aa%d8%ad%d8%b1%db%8c%da%a9-%da%a9%d9%86%d9%86%d8%af%d9%87-%d8%a7%d9%84%d8%aa%d8%b1%d8%a7-%d9%86/
"کاندوم کاپوت ۱۰ عددی نان استاپ سردکننده",https://luxirana.com/product/%da%a9%d8%a7%d9%86%d8%af%d9%88%d9%85-%da%a9%d8%a7%d9%be%d9%88%d8%aa-%db%b1%db%b0-%d8%b9%d8%af%d8%af%db%8c-%d9%86%d8%a7%d9%86-%d8%a7%d8%b3%d8%aa%d8%a7%d9%be-%d8%b3%d8%b1%d8%af%da%a9%d9%86%d9%86%d8%af/
"کاندوم کاپوت ۱2 عددی ارگاسمیک &#8211; ساده",https://luxirana.com/product/%da%a9%d8%a7%d9%86%d8%af%d9%88%d9%85-%da%a9%d8%a7%d9%be%d9%88%d8%aa-%db%b12-%d8%b9%d8%af%d8%af%db%8c-%d8%a7%d8%b1%da%af%d8%a7%d8%b3%d9%85%db%8c%da%a9-%d8%b3%d8%a7%d8%af%d9%87/
"کرم عطری دست و ناخن چنل چنس دافی",https://luxirana.com/?post_type=product&#038;p=119090
"کرم عطری دست و ناخن ایفوریا دافی",https://luxirana.com/?post_type=product&#038;p=119092
"کرم عطری دست و ناخن ژادور دافی",https://luxirana.com/?post_type=product&#038;p=119096
"کرم عطری دست و ناخن کریستال نویر دافی",https://luxirana.com/?post_type=product&#038;p=119098
"کرم آبرسان مو 100 میل بیوتین هیر واتر",https://luxirana.com/product/hair-moisturizing-cream-biotin/
"کرم آبرسان مو 100 میل کلاژن هیر واتر",https://luxirana.com/product/collagen-hair-moisturizing-cream/
"کاندوم کدکس مدل Warm Challenger 5in1 بسته 12 عددی _ ساده",https://luxirana.com/product/%da%a9%d8%a7%d9%86%d8%af%d9%88%d9%85-%da%a9%d8%af%da%a9%d8%b3-%d9%85%d8%af%d9%84-warm-challenger-5in1-%d8%a8%d8%b3%d8%aa%d9%87-12-%d8%b9%d8%af%d8%af%db%8c-%d8%b3%d8%a7%d8%af%d9%87/
"مسواک بزرگسال نرم کلینیکال میسویک",https://luxirana.com/product/clinical-soft-adult-toothbrush/
"مسواک نرم کودک کلینیکال میسویک",https://luxirana.com/?post_type=product&#038;p=120163
"کرم پمپی ویتامین ث 200 میل کامان",https://luxirana.com/product/vitamin-c-pump-cream-200-ml/
"کرم عطری دست و ناخن گودگرل دافی",https://luxirana.com/product/%da%a9%d8%b1%d9%85-%d8%b9%d8%b7%d8%b1%db%8c-%d8%af%d8%b3%d8%aa-%d9%88-%d9%86%d8%a7%d8%ae%d9%86-%da%af%d9%88%d8%af%da%af%d8%b1%d9%84-%d8%af%d8%a7%d9%81%db%8c/
"کرم عطری دست و ناخن ایفوریا دافی",https://luxirana.com/product/%da%a9%d8%b1%d9%85-%d8%b9%d8%b7%d8%b1%db%8c-%d8%af%d8%b3%d8%aa-%d9%88-%d9%86%d8%a7%d8%ae%d9%86-%d8%a7%db%8c%d9%81%d9%88%d8%b1%db%8c%d8%a7-%d8%af%d8%a7%d9%81%db%8c/
"کرم عطری دست و ناخن چنل چنس دافی",https://luxirana.com/product/%da%a9%d8%b1%d9%85-%d8%b9%d8%b7%d8%b1%db%8c-%d8%af%d8%b3%d8%aa-%d9%88-%d9%86%d8%a7%d8%ae%d9%86-%da%86%d9%86%d9%84-%da%86%d9%86%d8%b3-%d8%af%d8%a7%d9%81%db%8c/
"کاندوم خاردار و حلقوی کدکس مدل Matador بسته 12 عددی &#8211; ساده",https://luxirana.com/product/%da%a9%d8%a7%d9%86%d8%af%d9%88%d9%85-%d8%ae%d8%a7%d8%b1%d8%af%d8%a7%d8%b1-%d9%88-%d8%ad%d9%84%d9%82%d9%88%db%8c-%da%a9%d8%af%da%a9%d8%b3-%d9%85%d8%af%d9%84-matador-%d8%a8%d8%b3%d8%aa%d9%87-12-%d8%b9/
"کنسانتره پمپي آلوئه ورا 200 میل کامان",https://luxirana.com/product/%da%a9%d9%86%d8%b3%d8%a7%d9%86%d8%aa%d8%b1%d9%87-%d9%be%d9%85%d9%be%d9%8a-%d8%a2%d9%84%d9%88%d8%a6%d9%87-%d9%88%d8%b1%d8%a7-200-%d9%85%db%8c%d9%84-%da%a9%d8%a7%d9%85%d8%a7%d9%86/
"کرم عطری دست و ناخن ورساچه کریستال نویر دافی",https://luxirana.com/product/%da%a9%d8%b1%d9%85-%d8%b9%d8%b7%d8%b1%db%8c-%d8%af%d8%b3%d8%aa-%d9%88-%d9%86%d8%a7%d8%ae%d9%86-%da%a9%d8%b1%db%8c%d8%b3%d8%aa%d8%a7%d9%84-%d9%86%d9%88%db%8c%d8%b1-%d8%af%d8%a7%d9%81%db%8c/
"کرم عطری دست و ناخن ژادور دافی",https://luxirana.com/product/%da%a9%d8%b1%d9%85-%d8%b9%d8%b7%d8%b1%db%8c-%d8%af%d8%b3%d8%aa-%d9%88-%d9%86%d8%a7%d8%ae%d9%86-%da%98%d8%a7%d8%af%d9%88%d8%b1-%d8%af%d8%a7%d9%81%db%8c/
"دهانشویه کلروهگزیدین 200 میل میسویک",https://luxirana.com/product/%d8%af%d9%87%d8%a7%d9%86%d8%b4%d9%88%db%8c%d9%87-%da%a9%d9%84%d8%b1%d9%88%d9%87%da%af%d8%b2%db%8c%d8%af%db%8c%d9%86-200-%d9%85%db%8c%d9%84-%d9%85%db%8c%d8%b3%d9%88%db%8c%da%a9/
"قلب بنفش دافی (1)",https://luxirana.com/?post_type=product&#038;p=121129
"قلب بنفش دافی (2)",https://luxirana.com/?post_type=product&#038;p=121131
"دستمال مرطوب بدن آمبرلا مدل Total",https://luxirana.com/product/umbrella-total-body-wipes/
"دستمال مرطوب بدن آمبرلا مدل Sport",https://luxirana.com/product/umbrella-sport-body-wipes/
"استیک دئودورانت پاور استرس صابونی کامان",https://luxirana.com/?post_type=product&#038;p=129551
"استیک دئودورانت لایت سنسیتیو صابونی کامان",https://luxirana.com/?post_type=product&#038;p=129552
"محصول تست",https://luxirana.com/?post_type=product&#038;p=129567
"پک استند آپ 1",https://luxirana.com/?post_type=product&#038;p=132358
"پک استند آپ 2",https://luxirana.com/?post_type=product&#038;p=132359
"استیک زنانه دریم بنفش ۹۰ میل آمبرلا",https://luxirana.com/product/womens-dream-stick-purple/
"استیک زنانه کیس میس سرخ آبی ۹۰ میل آمبرلا",https://luxirana.com/product/womens-stick-case-miss-red-blue/
"استیک مردانه جنتل سبز ۹۰ میل آمبرلا",https://luxirana.com/product/gentle-green-mens-stick/
"محصول تست",https://luxirana.com/?post_type=product&#038;p=136584
"کرم ضد آفتاب دور چشم و صورت فیزیکال رنگ بژ طبیعی پیکسل",https://luxirana.com/product/%da%a9%d8%b1%d9%85-%d8%b6%d8%af-%d8%a2%d9%81%d8%aa%d8%a7%d8%a8-%d8%af%d9%88%d8%b1-%da%86%d8%b4%d9%85-%d9%88-%d8%b5%d9%88%d8%b1%d8%aa-%d9%81%db%8c%d8%b2%db%8c%da%a9%d8%a7%d9%84-%d8%b1%d9%86%da%af-2/
"کرم ضد آفتاب دور چشم و صورت فیزیکال رنگ بژ روشن پیکسل",https://luxirana.com/product/%da%a9%d8%b1%d9%85-%d8%b6%d8%af-%d8%a2%d9%81%d8%aa%d8%a7%d9%84-%d8%af%d9%88%d8%b1-%da%86%d8%b4%d9%85-%d9%88-%d8%b5%d9%88%d8%b1%d8%aa-%d9%81%db%8c%d8%b2%db%8c%da%a9%d8%a7%d9%84-%d8%b1%d9%86%da%af/
"کرم ضد آفتاب دور چشم و صورت فیزیکال بیرنگ پیکسل",https://luxirana.com/product/%da%a9%d8%b1%d9%85-%d8%b6%d8%af-%d8%a2%d9%81%d8%aa%d8%a7%d8%a8-%d8%af%d9%88%d8%b1-%d9%88-%d8%b5%d9%88%d8%b1%d8%aa-%da%86%d8%b4%d9%85-%d9%81%db%8c%d8%b2%db%8c%da%a9%d8%a7%d9%84-%d8%a8%db%8c%d8%b1%d9%86/
"استیک مردانه واید سورمه ای ۹۰ میل آمبرلا",https://luxirana.com/product/%d8%a7%d8%b3%d8%aa%db%8c%da%a9-%d9%85%d8%b1%d8%af%d8%a7%d9%86%d9%87-%d9%88%d8%a7%db%8c%d8%af-%d8%b3%d9%88%d8%b1%d9%85%d9%87-%d8%a7%db%8c-%db%b9%db%b0-%d9%85%db%8c%d9%84-%d8%a2%d9%85%d8%a8%d8%b1%d9%84/
"استیک زنانه اسپا سبز ۹۰ میل آمبرلا",https://luxirana.com/product/green-spa-stick-for-women/
"استیک زنانه اسنو سفید ۹۰ میل آمبرلا",https://luxirana.com/product/womens-stick-snow-white/
"مسواک بزرگسالان مدیوم کلینیکال میسویک",https://luxirana.com/?post_type=product&#038;p=138721
"خمیردندان مخصوص دندان لمینیت و کامپوزیت ۷۵ میلی میسویک",https://luxirana.com/product/%d8%ae%d9%85%db%8c%d8%b1%d8%af%d9%86%d8%af%d8%a7%d9%86-%d9%85%d8%ae%d8%b5%d9%88%d8%b5-%d8%af%d9%86%d8%af%d8%a7%d9%86-%d9%84%d9%85%db%8c%d9%86%db%8c%d8%aa-%d9%88-%da%a9%d8%a7%d9%85%d9%be%d9%88%d8%b2/
"پک ضد آفتاب دور چشم پیکسل شماره سه",https://luxirana.com/?post_type=product&#038;p=139907
"پک ضد آفتاب دور چشم پیکسل شماره دو",https://luxirana.com/?post_type=product&#038;p=139908
"پک ضد آفتاب دور چشم پیکسل شماره یک",https://luxirana.com/?post_type=product&#038;p=139909
"بالم لب دافی با طعم لیمو توت فرنگی",https://luxirana.com/?post_type=product&#038;p=142618
"بالم لب دافی با طعم وانیل",https://luxirana.com/?post_type=product&#038;p=142623
"بالم لب دافی با طعم توت وحشی",https://luxirana.com/product/balm_purple/
"بالم لب دافی با طعم آناناس نارگیل",https://luxirana.com/product/balm_yellow/
"دستمال مرطوب پاک کننده بزرگسالان ۹۰ برگی دکتر از",https://luxirana.com/?post_type=product&#038;p=143506
"پکیج 3 عددی قلبی کرم عطری دافی",https://luxirana.com/?post_type=product&#038;p=167372
"پکیج ۵ عددی کرم عطری دافی",https://luxirana.com/?post_type=product&#038;p=168005
"محصول تست",https://luxirana.com/?post_type=product&#038;p=168452
"پک هدیه کودک پسرانه",https://luxirana.com/?post_type=product&#038;p=176633
"پک هدیه کودک دخترانه",https://luxirana.com/?post_type=product&#038;p=176634
"خمیردندان توتال ۱۲ کاره ۷۵ میل میسویک",https://luxirana.com/product/%d8%ae%d9%85%db%8c%d8%b1%d8%af%d9%86%d8%af%d8%a7%d9%86-%d8%aa%d9%88%d8%aa%d8%a7%d9%84-%db%b1%db%b2-%da%a9%d8%a7%d8%b1%d9%87-%db%b7%db%b5-%d9%85%db%8c%d9%84-%d9%85%db%8c%d8%b3%d9%88%db%8c%da%a9/
"دیفیوزر وایت انجل (White Angel) سانتی مانتال",https://luxirana.com/product/white-angel-santimantal-diffuser/
"دیفیوزر لمون جینجر (Lemon Ginger) سانتی مانتال",https://luxirana.com/product/lemon-ginger-santimantal-diffuser/
"دیفیوزر لوندر (Lavender) سانتی مانتال",https://luxirana.com/product/lavender-santimantal-diffuser/
"دیفیوزر بلو اوشن (Blue Ocean) سانتی مانتال",https://luxirana.com/product/blue-ocean-santimantal-diffuser/
"پک هدیه کودک دخترانه",https://luxirana.com/?post_type=product&#038;p=197725
"پک هدیه کودک پسرانه",https://luxirana.com/?post_type=product&#038;p=197728
"بالم دست آووکادو  کامان",https://luxirana.com/product/comeon-avocado-hand-balm/
"سوپر سرم آبرسان صورت",https://luxirana.com/?post_type=product&#038;p=200531
"بالم دست شی باتر  کامان",https://luxirana.com/product/shea-butter-hand-balm/
"سوپر سرم ضد چروک صورت",https://luxirana.com/?post_type=product&#038;p=200533
"سوپر سرم ضد لک  صورت",https://luxirana.com/?post_type=product&#038;p=200534
"سوپر سرم ضد آکنه صورت",https://luxirana.com/?post_type=product&#038;p=200535
"کرم آبرسان 50 میل حاوی جلبک مخصوص پوست خشک کامان",https://luxirana.com/product/%da%a9%d8%b1%d9%85-%d8%a2%d8%a8%d8%b1%d8%b3%d8%a7%d9%86-50-%d9%85%db%8c%d9%84-%d8%ad%d8%a7%d9%88%db%8c-%d8%ac%d9%84%d8%a8%da%a9-%d9%85%d8%ae%d8%b5%d9%88%d8%b5-%d9%be%d9%88%d8%b3%d8%aa-%d8%ae%d8%b4/
"کرم آبرسان 50 میل حاوی جلبک مخصوص پوست چرب کامان",https://luxirana.com/product/%da%a9%d8%b1%d9%85-%d8%a2%d8%a8%d8%b1%d8%b3%d8%a7%d9%86-50-%d9%85%db%8c%d9%84-%d8%ad%d8%a7%d9%88%db%8c-%d8%ac%d9%84%d8%a8%da%a9-%d9%85%d8%ae%d8%b5%d9%88%d8%b5-%d9%be%d9%88%d8%b3%d8%aa-%da%86%d8%b1/
"شامپو با عصاره آواپوهی و بابونه هیرواتر",https://luxirana.com/product/%d8%b4%d8%a7%d9%85%d9%be%d9%88-%d8%a8%d8%a7-%d8%b9%d8%b5%d8%a7%d8%b1%d9%87-%d8%a2%d9%88%d8%a7%d9%be%d9%88%db%8c%db%8c-%d9%88-%d8%a8%d8%a7%d8%a8%d9%88%d9%86%d9%87-%d9%87%db%8c%d8%b1%d9%88%d8%a7%d8%aa/
"شامپو با عصاره آواپوهی و روغن درخت چای هیرواتر",https://luxirana.com/product/%d8%b4%d8%a7%d9%85%d9%be%d9%88-%d8%a8%d8%a7-%d8%b9%d8%b5%d8%a7%d8%b1%d9%87-%d8%a2%d9%88%d8%a7%d9%be%d9%88%db%8c%db%8c-%d9%88-%d8%b1%d9%88%d8%ba%d9%86-%d8%af%d8%b1%d8%ae%d8%aa-%da%86%d8%a7%db%8c-%d9%87/
"کرم آبرسان 100 میل مخصوص روز کامان",https://luxirana.com/product/%da%a9%d8%b1%d9%85-%d8%a2%d8%a8%d8%b1%d8%b3%d8%a7%d9%86-100-%d9%85%db%8c%d9%84-%d9%85%d8%ae%d8%b5%d9%88%d8%b5-%d8%b1%d9%88%d8%b2-%da%a9%d8%a7%d9%85%d8%a7%d9%86/
"کرم آبرسان 100 میل مخصوص شب کامان",https://luxirana.com/product/%da%a9%d8%b1%d9%85-%d8%a2%d8%a8%d8%b1%d8%b3%d8%a7%d9%86-100-%d9%85%db%8c%d9%84-%d9%85%d8%ae%d8%b5%d9%88%d8%b5-%d8%b4%d8%a8-%da%a9%d8%a7%d9%85%d8%a7%d9%86/
"تیشرت کدکس",https://luxirana.com/product/%d8%aa%db%8c%d8%b4%d8%b1%d8%aa-%da%a9%d8%af%da%a9%d8%b3/
"شامپو با عصاره آواپوهی و آرگان هیرواتر",https://luxirana.com/product/%d8%b4%d8%a7%d9%85%d9%be%d9%88-%d8%a8%d8%a7-%d8%b9%d8%b5%d8%a7%d8%b1%d9%87-%d8%a2%d9%88%d8%a7%d9%be%d9%88%d9%87%db%8c-%d9%88-%d8%a2%d8%b1%da%af%d8%a7%d9%86-%d9%87%db%8c%d8%b1%d9%88%d8%a7%d8%aa%d8%b1/
"شامپو با عصاره آواپوهی و رزماری هیرواتر",https://luxirana.com/product/%d8%b4%d8%a7%d9%85%d9%be%d9%88-%d8%a8%d8%a7-%d8%b9%d8%b5%d8%a7%d8%b1%d9%87-%d8%a2%d9%88%d8%a7%d9%be%d9%88%d9%87%db%8c-%d9%88-%d8%b1%d8%b2%d9%85%d8%a7%d8%b1%db%8c-%d9%87%db%8c%d8%b1%d9%88%d8%a7%d8%aa/
"ریفیل دیفیوزر وایت انجل (White Angel) سانتی مانتال",https://luxirana.com/?post_type=product&#038;p=216498
"ریفیل دیفیوزر لمون جینجر (Lemon Ginger) سانتی مانتال",https://luxirana.com/?post_type=product&#038;p=216499
"ریفیل دیفیوزر لوندر (Lavender) سانتی مانتال",https://luxirana.com/?post_type=product&#038;p=216500
"ریفیل دیفیوزر بلو اوشن (Blue Ocean) سانتی مانتال",https://luxirana.com/?post_type=product&#038;p=216502
"خمیردندان کودک کفشدوزکی میسویک",https://luxirana.com/product/%d8%ae%d9%85%db%8c%d8%b1%d8%af%d9%86%d8%af%d8%a7%d9%86-%da%a9%d9%88%d8%af%da%a9-%da%a9%d9%81%d8%b4%d8%af%d9%88%d8%b2%da%a9%db%8c-%d9%85%db%8c%d8%b3%d9%88%db%8c%da%a9/
"شامپو موی چرب 240 میل سوآن پو",https://luxirana.com/product/%d8%b4%d8%a7%d9%85%d9%be%d9%88-%d9%85%d9%88%db%8c-%da%86%d8%b1%d8%a8-240-%d9%85%db%8c%d9%84-%d8%b3%d9%88%d8%a2%d9%86-%d9%be%d9%88/
"شامپو کافئین بیوتین 240 میل سوآن پو",https://luxirana.com/product/%d8%b4%d8%a7%d9%85%d9%be%d9%88-%da%a9%d8%a7%d9%81%d8%a6%db%8c%d9%86-%d8%a8%db%8c%d9%88%d8%aa%db%8c%d9%86-240-%d9%85%db%8c%d9%84-%d8%b3%d9%88%d8%a2%d9%86-%d9%be%d9%88/
"شامپو روزانه 240 میل سوآن پو",https://luxirana.com/product/%d8%b4%d8%a7%d9%85%d9%be%d9%88-%d8%b1%d9%88%d8%b2%d8%a7%d9%86%d9%87-240-%d9%85%db%8c%d9%84-%d8%b3%d9%88%d8%a2%d9%86-%d9%be%d9%88/
"شامپو حجم دهنده مو 240 میل سوآن پو",https://luxirana.com/product/%d8%b4%d8%a7%d9%85%d9%be%d9%88-%d8%ad%d8%ac%d9%85-%d8%af%d9%87%d9%86%d8%af%d9%87-%d9%85%d9%88-240-%d9%85%db%8c%d9%84-%d8%b3%d9%88%d8%a2%d9%86-%d9%be%d9%88/
"سرم ویتامین سی صورت",https://luxirana.com/?post_type=product&#038;p=221476
"کاندوم تاخیری جینسینگ ساده کدکس 12 عددی",https://luxirana.com/product/%da%a9%d8%a7%d9%86%d8%af%d9%88%d9%85-%d8%aa%d8%a7%d8%ae%db%8c%d8%b1%db%8c-%d8%ac%db%8c%d9%86%d8%b3%db%8c%d9%86%da%af-%d8%b3%d8%a7%d8%af%d9%87-%da%a9%d8%af%da%a9%d8%b3/
"بایو سرم شستشوی صورت پوست خشک کامان",https://luxirana.com/product/bio-serum-face-wash-for-dry-skin-comeon/
"بایو سرم شستشوی صورت پوست معمولی کامان",https://luxirana.com/product/bio-serum-face-wash-normal-skin-comeon/
"بایو سرم شستشوی صورت پوست چرب کامان",https://luxirana.com/product/bio-serum-face-wash-for-oily-skin-comeon/
"خمیردندان بلیچینگ دانه آبی با اسانس سنسیتیو مینت",https://luxirana.com/product/blue-seed-bleaching-toothpaste-with-sensitive-mint/
"بالم دست روغن بادام کامان",https://luxirana.com/product/almond-oil-hand-balm/
"استیک صابونی خوشبوکننده کلینیکال کامان",https://luxirana.com/product/clinical-comeon-deodorizing-soap-stick/
"بالم دست نارگیل کامان",https://luxirana.com/product/coconut-hand-balm/
"بالم پای شی باتر کامان",https://luxirana.com/product/shea-butter-foot-balm/
"کرم پمپی 400 میل انار کامان",https://luxirana.com/product/pomegranate-pump-cream-400-ml/
"سرم ویتامین سی صورت کامان",https://luxirana.com/product/vitamin-c-facial-serum/
"سوپر سرم ضد لک  صورت کامان",https://luxirana.com/product/super-serum-for-anti-blemish-face/
"سوپر سرم آبرسان صورت کامان",https://luxirana.com/product/super-hydrating-facial-serum/
"سوپر سرم ضد چروک صورت کامان",https://luxirana.com/product/super-anti-wrinkle-facial-serum/
"سوپر سرم ضد آکنه صورت کامان",https://luxirana.com/product/anti-acne-facial-super-serum/
"استیک صابونی کلینیکال لایت سنس کامان",https://luxirana.com/product/clinical-light-sensitive-comeon/
"خمیردندان ضد زردی 75 میل میسویک",https://luxirana.com/product/purple-white-misswake/
"کاندوم کدکس 10 عددی اولتراسیف",https://luxirana.com/product/ultrasafe-kodex/
"بالم لب نرم و براق کننده وانیل کامان",https://luxirana.com/product/vanilla-soft-and-shiny-lip-balm/
"کلاژن بانک امگا 3 حجم 125 میل کلامین",https://luxirana.com/product/collamin_collagebank/
"خمیردندان بلیچینگ + خمیردندان ضد زردی میسویک",https://luxirana.com/product/bleaching-anti-yellowing-toothpaste/
"ژل آبرسان هیالورونیک آبرسان آیس بال",https://luxirana.com/product/blue-ice-ball/
"ژل آبرسان کلاژن لیفتینگ صورت آیس بال",https://luxirana.com/product/pink-ice-ball/
"اسپری دهان هندوانه میسویک",https://luxirana.com/product/watermelon-mouth-spray/
"اسپری دهان نعناع یخ میسویک",https://luxirana.com/product/ice-mint-mouth-spray/
"خمیردندان کودک پسرانه آبی لبوبو میسویک",https://luxirana.com/product/blue-labubu-baby-boy-toothpaste/
"خمیردندان کودک دخترانه صورتی لبوبو میسویک",https://luxirana.com/product/baby-girl-toothpaste-pink-labubu/
"دهانشویه کودک پسرانه آبی لبوبو میسویک",https://luxirana.com/product/blue-baby-boy-mouthwash-by-labubu/
"دهانشویه کودک دخترانه صورتی لبوبو میسویک",https://luxirana.com/product/pink-baby-girl-mouthwash-by-labubu/
"دهانشویه توتال زایلیتول 400 میل میسویک",https://luxirana.com/product/xylitol-400-ml/
"دهان شویه  لمینیتی کامپوزیت 400 میل میسویک",https://luxirana.com/product/laminate-composite-mouthwash-400-ml/
"استیک صابونی ویتامین سی کامان",https://luxirana.com/product/vitamin-c-soap-stick/
"اسپری دهانشویه لبوبو میسویک",https://luxirana.com/product/labubu-mouthwash-spray/
"خمیردندان مخصوص لمینیت و کامپوزیت + دهان شویه لمینیت و کامپوزیت",https://luxirana.com/product/laminate-and-composite/
"کرم ضد آفتاب سنتلا پیکسل",https://luxirana.com/product/centella-sunscreen/
"پکیج لبوبو صورتی",https://luxirana.com/product/pink-labubu-package/
"پکیج لبوبو آبی",https://luxirana.com/product/blue-labubu-package/
"کرم پمپی خیار کامان",https://luxirana.com/product/cucumber-cream/
"ژل لوبریکنت اناری کدکس",https://luxirana.com/product/pomegranate-lubricant-gel/
"محلول پاک کننده آرایش صورت شیری پوست خشک دافی",https://luxirana.com/product/dry-skin-milk-toner-solution/
"محلول تونر صورت پوست چرب دافی",https://luxirana.com/product/oily-skin-facial-toner-solution/
"پکیج بالم دست و پا کامان",https://luxirana.com/product/hand-and-foot-balm-package/
"کرم کاسه ای انار کامان",https://luxirana.com/product/pomegranate-bowl-cream/
"کاندوم کدکس 10 عددی 03 اناری",https://luxirana.com/product/condoms-10-count-03-pomegranate/
"کاندوم کدکس 10 عددی 03 هلو",https://luxirana.com/product/condoms-10-count-03-peach/
"بالم لب رنگی گیلاس میس لیپ",https://luxirana.com/product/miss-lip-cherry-lip-balm/
"بالم لب رنگی توت فرنگی میس لیپ",https://luxirana.com/product/miss-lip-strawberry-lip-balm/
"بالم لب رنگی پاستیل خرسی میس لیپ",https://luxirana.com/product/miss-lips-pastel-bear-lip-balm/
"بالم لب رنگی کلاسیک شی باتر میس لیپ",https://luxirana.com/product/miss-lip-classic-shea-butter-tinted-lip-balm/
"کرم کاسه ای ویتامین C کامان",https://luxirana.com/product/vitamin-c-bowl-cream/
